V_bus_V,I_bus_A,I_bone_A,V_bone_P_V,V_3v3_V,V_bone_N_V,I_bus_model_A,err_pct
0.000,1.699919754e-05,1.712520137e-12,-0.000100,-0.000136,-0.000100,1.527981000e-04,798.85478
0.020,1.725740843e-05,-2.629381662e-10,0.019899,0.019863,0.019896,1.528281062e-04,785.57970
0.040,1.751559061e-05,-4.250324733e-10,0.039897,0.039861,0.039893,1.528581125e-04,772.69745
0.060,1.777370988e-05,-5.243180442e-10,0.059896,0.059859,0.059891,1.528881187e-04,760.19250
0.080,1.803229186e-05,-5.851316911e-10,0.079895,0.079857,0.079889,1.529181250e-04,748.02379
0.100,1.829134791e-05,-6.223879898e-10,0.099893,0.099856,0.099887,1.529481312e-04,736.17748
0.120,1.855038951e-05,-6.452253209e-10,0.119892,0.119854,0.119886,1.529781374e-04,724.66267
0.140,1.880942229e-05,-6.592330929e-10,0.139891,0.139852,0.139884,1.530081437e-04,713.46541
0.160,1.906844965e-05,-6.678339806e-10,0.159889,0.159851,0.159883,1.530381499e-04,702.57259
0.180,1.932747369e-05,-6.731240020e-10,0.179888,0.179849,0.179881,1.530681562e-04,691.97188
0.200,1.958649571e-05,-6.763865500e-10,0.199887,0.199847,0.199880,1.530981624e-04,681.65163
0.220,1.984551648e-05,-6.784076599e-10,0.219885,0.219845,0.219878,1.531281687e-04,671.60082
0.240,2.010453650e-05,-6.797692266e-10,0.239884,0.239844,0.239877,1.531581749e-04,661.80903
0.260,2.036355605e-05,-6.805255435e-10,0.259883,0.259842,0.259876,1.531881811e-04,652.26636
0.280,2.062257531e-05,-6.810119237e-10,0.279881,0.279840,0.279874,1.532181874e-04,642.96340
0.300,2.088159440e-05,-6.813329613e-10,0.299880,0.299838,0.299873,1.532481936e-04,633.89125
0.320,2.114061338e-05,-6.815386587e-10,0.319879,0.319837,0.319872,1.532781999e-04,625.04140
0.340,2.139963230e-05,-6.817020204e-10,0.339877,0.339835,0.339870,1.533082061e-04,616.40580
0.360,2.165865117e-05,-6.818253659e-10,0.359876,0.359833,0.359869,1.533382123e-04,607.97674
0.380,2.191767002e-05,-6.819272731e-10,0.379875,0.379831,0.379868,1.533682186e-04,599.74691
0.400,2.217668886e-05,-6.820097820e-10,0.399873,0.399830,0.399866,1.533982248e-04,591.70933
0.420,2.243570768e-05,-6.820823121e-10,0.419872,0.419828,0.419865,1.534282311e-04,583.85733
0.440,2.269472651e-05,-6.821519320e-10,0.439870,0.439826,0.439864,1.534582373e-04,576.18456
0.460,2.295374532e-05,-6.822166402e-10,0.459869,0.459825,0.459862,1.534882435e-04,568.68496
0.480,2.321276414e-05,-6.822802972e-10,0.479868,0.479823,0.479861,1.535182498e-04,561.35273
0.500,2.347178295e-05,-6.823422895e-10,0.499866,0.499821,0.499860,1.535482560e-04,554.18233
0.520,2.373080176e-05,-6.824033542e-10,0.519865,0.519819,0.519858,1.535782623e-04,547.16845
0.540,2.398982058e-05,-6.824639488e-10,0.539864,0.539818,0.539857,1.536082685e-04,540.30603
0.560,2.424883939e-05,-6.825244239e-10,0.559862,0.559816,0.559856,1.536382748e-04,533.59022
0.580,2.450785820e-05,-6.825848348e-10,0.579861,0.579814,0.579854,1.536682810e-04,527.01636
0.600,2.476687701e-05,-6.826450743e-10,0.599860,0.599812,0.599853,1.536982872e-04,520.58001
0.620,2.502589582e-05,-6.827051086e-10,0.619858,0.619811,0.619852,1.537282935e-04,514.27689
0.640,2.528491464e-05,-6.827650717e-10,0.639857,0.639809,0.639850,1.537582997e-04,508.10290
0.660,2.554393345e-05,-6.828250967e-10,0.659856,0.659807,0.659849,1.537883060e-04,502.05413
0.680,2.580295226e-05,-6.828851171e-10,0.679854,0.679806,0.679848,1.538183122e-04,496.12679
0.700,2.606197107e-05,-6.829451189e-10,0.699853,0.699804,0.699846,1.538483184e-04,490.31728
0.720,2.632098988e-05,-6.830050108e-10,0.719852,0.719802,0.719845,1.538783247e-04,484.62210
0.740,2.658000869e-05,-6.830651565e-10,0.739850,0.739800,0.739843,1.539083309e-04,479.03793
0.760,2.683902750e-05,-6.831252671e-10,0.759849,0.759799,0.759842,1.539383372e-04,473.56153
0.780,2.709804631e-05,-6.831853565e-10,0.779848,0.779797,0.779841,1.539683434e-04,468.18983
0.800,2.735706513e-05,-6.832453082e-10,0.799846,0.799795,0.799839,1.539983497e-04,462.91985
0.820,2.761608394e-05,-6.833053220e-10,0.819845,0.819793,0.819838,1.540283559e-04,457.74872
0.840,2.787510275e-05,-6.833653846e-10,0.839844,0.839792,0.839837,1.540583621e-04,452.67370
0.860,2.813412156e-05,-6.834252552e-10,0.859842,0.859790,0.859835,1.540883684e-04,447.69213
0.880,2.839314037e-05,-6.834853126e-10,0.879841,0.879788,0.879834,1.541183746e-04,442.80144
0.900,2.865215918e-05,-6.835453711e-10,0.899840,0.899786,0.899833,1.541483809e-04,437.99918
0.920,2.891117799e-05,-6.836054312e-10,0.919838,0.919785,0.919831,1.541783871e-04,433.28296
0.940,2.917019680e-05,-6.836652848e-10,0.939837,0.939783,0.939830,1.542083933e-04,428.65051
0.960,2.942921561e-05,-6.837253448e-10,0.959836,0.959781,0.959829,1.542383996e-04,424.09959
0.980,2.968823442e-05,-6.837852318e-10,0.979834,0.979780,0.979827,1.542684058e-04,419.62809
1.000,2.994725324e-05,-6.838452499e-10,0.999833,0.999778,0.999826,1.542984121e-04,415.23394
1.020,3.020627150e-05,-6.839054183e-10,1.019831,1.019776,1.019825,1.543284183e-04,410.91515
1.040,3.046528966e-05,-6.839652934e-10,1.039830,1.039774,1.039823,1.543584245e-04,406.66981
1.060,3.072430783e-05,-6.840253227e-10,1.059829,1.059773,1.059822,1.543884308e-04,402.49604
1.080,3.098332599e-05,-6.840854303e-10,1.079827,1.079771,1.079821,1.544184370e-04,398.39206
1.100,3.124234415e-05,-6.841453764e-10,1.099826,1.099769,1.099819,1.544484433e-04,394.35613
1.120,3.150136231e-05,-6.842054082e-10,1.119825,1.119767,1.119818,1.544784495e-04,390.38657
1.140,3.176038048e-05,-6.842652696e-10,1.139823,1.139766,1.139817,1.545084558e-04,386.48175
1.160,3.201939864e-05,-6.843254662e-10,1.159822,1.159764,1.159815,1.545384620e-04,382.64011
1.180,3.227841680e-05,-6.843852387e-10,1.179821,1.179762,1.179814,1.545684682e-04,378.86013
1.200,3.253743496e-05,-6.844453554e-10,1.199819,1.199761,1.199813,1.545984745e-04,375.14033
1.220,3.279645312e-05,-6.845052920e-10,1.219818,1.219759,1.219811,1.546284807e-04,371.47928
1.240,3.305547129e-05,-6.845653248e-10,1.239817,1.239757,1.239810,1.546584870e-04,367.87561
1.260,3.331448945e-05,-6.846252582e-10,1.259815,1.259755,1.259809,1.546884932e-04,364.32797
1.280,3.357350761e-05,-6.846853822e-10,1.279814,1.279754,1.279807,1.547184994e-04,360.83508
1.300,3.383252577e-05,-6.847454175e-10,1.299813,1.299752,1.299806,1.547485057e-04,357.39566
1.320,3.409154393e-05,-6.848047787e-10,1.319811,1.319750,1.319804,1.547785119e-04,354.00851
1.340,3.435056210e-05,-6.848653838e-10,1.339810,1.339748,1.339803,1.548085182e-04,350.67245
1.360,3.460958026e-05,-6.849255168e-10,1.359809,1.359747,1.359802,1.548385244e-04,347.38631
1.380,3.486859842e-05,-6.849853471e-10,1.379807,1.379745,1.379800,1.548685306e-04,344.14900
1.400,3.512761658e-05,-6.850453044e-10,1.399806,1.399743,1.399799,1.548985369e-04,340.95943
1.420,3.538663475e-05,-6.851053427e-10,1.419805,1.419741,1.419798,1.549285431e-04,337.81655
1.440,3.564565291e-05,-6.851654462e-10,1.439803,1.439740,1.439796,1.549585494e-04,334.71935
1.460,3.590467107e-05,-6.852252645e-10,1.459802,1.459738,1.459795,1.549885556e-04,331.66683
1.480,3.616368923e-05,-6.852854062e-10,1.479801,1.479736,1.479794,1.550185619e-04,328.65804
1.500,3.642270740e-05,-6.853455516e-10,1.499799,1.499735,1.499792,1.550485681e-04,325.69205
1.520,3.668172556e-05,-6.854050157e-10,1.519798,1.519733,1.519791,1.550785743e-04,322.76794
1.540,3.694074372e-05,-6.854655114e-10,1.539797,1.539731,1.539790,1.551085806e-04,319.88483
1.560,3.719976188e-05,-6.855253168e-10,1.559795,1.559729,1.559788,1.551385868e-04,317.04188
1.580,3.745878004e-05,-6.855854679e-10,1.579794,1.579728,1.579787,1.551685931e-04,314.23825
1.600,3.771779821e-05,-6.856456225e-10,1.599792,1.599726,1.599786,1.551985993e-04,311.47312
1.620,3.797681637e-05,-6.857054212e-10,1.619791,1.619724,1.619784,1.552286055e-04,308.74570
1.640,3.823583453e-05,-6.857653709e-10,1.639790,1.639722,1.639783,1.552586118e-04,306.05525
1.660,3.849485269e-05,-6.858253712e-10,1.659788,1.659721,1.659782,1.552886180e-04,303.40099
1.680,3.875387086e-05,-6.858849412e-10,1.679787,1.679719,1.679780,1.553186243e-04,300.78222
1.700,3.901288902e-05,-6.859453180e-10,1.699786,1.699717,1.699779,1.553486305e-04,298.19822
1.720,3.927190718e-05,-6.860054811e-10,1.719784,1.719716,1.719778,1.553786368e-04,295.64831
1.740,3.953092534e-05,-6.860656477e-10,1.739783,1.739714,1.739776,1.554086430e-04,293.13181
1.760,3.978994350e-05,-6.861254272e-10,1.759782,1.759712,1.759775,1.554386492e-04,290.64808
1.780,4.004896167e-05,-6.861854944e-10,1.779780,1.779710,1.779774,1.554686555e-04,288.19647
1.800,4.030797983e-05,-6.862453700e-10,1.799779,1.799709,1.799772,1.554986617e-04,285.77637
1.820,4.056699799e-05,-6.863055422e-10,1.819778,1.819707,1.819771,1.555286680e-04,283.38718
1.840,4.082601615e-05,-6.863654801e-10,1.839776,1.839705,1.839769,1.555586742e-04,281.02830
1.860,4.108503432e-05,-6.864253188e-10,1.859775,1.859703,1.859768,1.555886804e-04,278.69916
1.880,4.134405248e-05,-6.864856627e-10,1.879774,1.879702,1.879767,1.556186867e-04,276.39921
1.900,4.160307064e-05,-6.865453162e-10,1.899772,1.899700,1.899765,1.556486929e-04,274.12790
1.920,4.186208880e-05,-6.866056040e-10,1.919771,1.919698,1.919764,1.556786992e-04,271.88469
1.940,4.212110696e-05,-6.866653580e-10,1.939770,1.939697,1.939763,1.557087054e-04,269.66907
1.960,4.238012513e-05,-6.867255417e-10,1.959768,1.959695,1.959761,1.557387116e-04,267.48054
1.980,4.263914329e-05,-6.867857291e-10,1.979767,1.979693,1.979760,1.557687179e-04,265.31859
2.000,4.289816145e-05,-6.868453657e-10,1.999766,1.999691,1.999759,1.557987241e-04,263.18275
2.020,4.315717961e-05,-6.869056660e-10,2.019764,2.019690,2.019757,1.558287304e-04,261.07255
2.040,4.341619777e-05,-6.869652555e-10,2.039763,2.039688,2.039756,1.558587366e-04,258.98753
2.060,4.367521594e-05,-6.870255993e-10,2.059762,2.059686,2.059755,1.558887429e-04,256.92724
2.080,4.393423410e-05,-6.870853336e-10,2.079760,2.079684,2.079753,1.559187491e-04,254.89124
2.100,4.419325226e-05,-6.871455288e-10,2.099759,2.099683,2.099752,1.559487553e-04,252.87911
2.120,4.445227042e-05,-6.872057277e-10,2.119758,2.119681,2.119751,1.559787616e-04,250.89043
2.140,4.471128859e-05,-6.872654548e-10,2.139756,2.139679,2.139749,1.560087678e-04,248.92479
2.160,4.497030675e-05,-6.873256562e-10,2.159755,2.159677,2.159748,1.560387741e-04,246.98179
2.180,4.522932491e-05,-6.873853770e-10,2.179754,2.179676,2.179747,1.560687803e-04,245.06104
2.200,4.875301589e-05,-3.266558173e-06,2.199733,2.199655,2.167067,1.560987865e-04,220.18283
2.220,5.472598129e-05,-8.982602023e-06,2.219698,2.219619,2.129872,1.561287928e-04,185.29190
2.240,6.095101245e-05,-1.495080357e-05,2.239662,2.239583,2.090154,1.561587990e-04,156.20378
2.260,6.729376894e-05,-2.103677195e-05,2.259624,2.259545,2.049257,1.561888053e-04,132.09995
2.280,7.370867560e-05,-2.719491531e-05,2.279587,2.279507,2.007638,1.562188115e-04,111.94087
2.300,8.017365298e-05,-3.340314697e-05,2.299549,2.299469,1.965518,1.562488177e-04,94.88799
2.320,8.667600820e-05,-3.964876973e-05,2.319511,2.319431,1.923023,1.562788240e-04,80.30229
2.340,9.318895829e-05,-4.590499698e-05,2.339473,2.339392,1.880423,1.563088302e-04,67.73321
2.360,9.972502081e-05,-5.218434508e-05,2.359435,2.359353,1.837591,1.563388365e-04,56.76992
2.380,1.062806689e-04,-5.848328591e-05,2.379396,2.379315,1.794563,1.563688427e-04,47.12821
2.400,1.128529404e-04,-6.479885610e-05,2.399358,2.399276,1.751369,1.563988490e-04,38.58642
2.420,1.194394945e-04,-7.112871425e-05,2.419319,2.419237,1.708032,1.564288552e-04,30.96912
2.440,1.222650551e-04,-7.369738847e-05,2.439303,2.439220,1.702329,1.564588614e-04,27.96695
2.460,1.231279435e-04,-7.430328880e-05,2.459298,2.459215,1.716265,1.564888677e-04,27.09452
2.480,1.239908322e-04,-7.490919028e-05,2.479293,2.479210,1.730201,1.565188739e-04,26.23423
2.500,1.248537190e-04,-7.551508666e-05,2.499288,2.499204,1.744137,1.565488802e-04,25.38584
2.520,1.256862076e-04,-7.612098859e-05,2.519283,2.519199,1.758073,1.565788864e-04,24.57921
2.540,1.265186971e-04,-7.672689020e-05,2.539278,2.539194,1.772009,1.566088926e-04,23.78320
2.560,1.273511844e-04,-7.733279041e-05,2.559273,2.559188,1.785946,1.566388989e-04,22.99760
2.580,1.281836715e-04,-7.793868963e-05,2.579269,2.579183,1.799882,1.566689051e-04,22.22220
2.600,1.290161593e-04,-7.854459136e-05,2.599264,2.599178,1.813818,1.566989114e-04,21.45681
2.620,1.298486479e-04,-7.915049271e-05,2.619259,2.619173,1.827754,1.567289176e-04,20.70123
2.640,1.306811377e-04,-7.975639308e-05,2.639254,2.639167,1.841690,1.567589239e-04,19.95528
2.660,1.315136250e-04,-8.036229409e-05,2.659249,2.659162,1.855626,1.567889301e-04,19.21877
2.680,1.323461131e-04,-8.096819432e-05,2.679244,2.679157,1.869562,1.568189363e-04,18.49153
2.700,1.331786005e-04,-8.157409555e-05,2.699239,2.699151,1.883498,1.568489426e-04,17.77338
2.720,1.339968450e-04,-8.217999876e-05,2.719234,2.719146,1.897434,1.568789488e-04,17.07660
2.740,1.348145250e-04,-8.278590115e-05,2.739230,2.739141,1.911371,1.569089551e-04,16.38876
2.760,1.356322064e-04,-8.339180376e-05,2.759225,2.759136,1.925307,1.569389613e-04,15.70922
2.780,1.364498879e-04,-8.399770840e-05,2.779220,2.779131,1.939243,1.569689675e-04,15.03781
2.800,1.372675658e-04,-8.460361196e-05,2.799215,2.799125,1.953179,1.569989738e-04,14.37441
2.820,1.380852478e-04,-8.520951259e-05,2.819210,2.819120,1.967115,1.570289800e-04,13.71887
2.840,1.389029294e-04,-8.581541982e-05,2.839205,2.839115,1.981051,1.570589863e-04,13.07104
2.860,1.397206115e-04,-8.642132077e-05,2.859201,2.859110,1.994987,1.570889925e-04,12.43079
2.880,1.405382895e-04,-8.702722490e-05,2.879196,2.879105,2.008924,1.571189987e-04,11.79800
2.900,1.413559684e-04,-8.763312832e-05,2.899191,2.899100,2.022860,1.571490050e-04,11.17253
2.920,1.421736486e-04,-8.823903119e-05,2.919186,2.919094,2.036796,1.571790112e-04,10.55425
2.940,1.429913305e-04,-8.884493496e-05,2.939181,2.939089,2.050732,1.572090175e-04,9.94304
2.960,1.438090093e-04,-8.945083868e-05,2.959177,2.959084,2.064668,1.572390237e-04,9.33879
2.980,1.446266903e-04,-9.005674268e-05,2.979172,2.979079,2.078604,1.572690300e-04,8.74136
3.000,1.454443720e-04,-9.066264670e-05,2.999167,2.999074,2.092541,1.572990362e-04,8.15065
3.020,1.462620531e-04,-9.126855268e-05,3.019162,3.019068,2.106477,1.573290424e-04,7.56655
3.040,1.470797328e-04,-9.187445542e-05,3.039157,3.039063,2.120413,1.573590487e-04,6.98894
3.060,1.478974122e-04,-9.248035558e-05,3.059153,3.059058,2.134349,1.573890549e-04,6.41772
3.080,1.487150938e-04,-9.308626088e-05,3.079148,3.079053,2.148285,1.574190612e-04,5.85278
3.100,1.495327753e-04,-9.369216507e-05,3.099143,3.099048,2.162221,1.574490674e-04,5.29402
3.120,1.503504535e-04,-9.429806883e-05,3.119138,3.119042,2.176157,1.574790736e-04,4.74134
3.140,1.511681350e-04,-9.490397122e-05,3.139133,3.139037,2.190094,1.575090799e-04,4.19463
3.160,1.519858144e-04,-9.550987446e-05,3.159129,3.159032,2.204030,1.575390861e-04,3.65381
3.180,1.528034982e-04,-9.611578008e-05,3.179124,3.179027,2.217966,1.575690924e-04,3.11877
3.200,1.536211776e-04,-9.672168305e-05,3.199119,3.199022,2.231902,1.575990986e-04,2.58944
3.220,1.544388577e-04,-9.732758730e-05,3.219114,3.219017,2.245838,1.576291048e-04,2.06570
3.240,1.552565370e-04,-9.793349116e-05,3.239109,3.239011,2.259774,1.576591111e-04,1.54749
3.260,1.560742201e-04,-9.853939606e-05,3.259104,3.259006,2.273711,1.576891173e-04,1.03470
3.280,1.568918998e-04,-9.914529874e-05,3.279100,3.279001,2.287647,1.577191236e-04,0.52726
3.300,1.577095793e-04,-9.975120248e-05,3.299095,3.298996,2.301583,1.577491298e-04,0.02508
3.320,1.577791402e-04,-9.978162788e-05,3.319094,3.300000,2.321278,1.577791361e-04,-0.00000
3.340,1.578091477e-04,-9.978163194e-05,3.339094,3.300000,2.341278,1.578091423e-04,-0.00000
3.360,1.578391540e-04,-9.978162945e-05,3.359094,3.300000,2.361278,1.578391485e-04,-0.00000
3.380,1.578691652e-04,-9.978163272e-05,3.379094,3.300000,2.381278,1.578691548e-04,-0.00001
3.400,1.578991628e-04,-9.978162965e-05,3.399094,3.300000,2.401277,1.578991610e-04,-0.00000
3.420,1.579291663e-04,-9.978163035e-05,3.419094,3.300000,2.421277,1.579291673e-04,0.00000
3.440,1.579591742e-04,-9.978163417e-05,3.439093,3.300000,2.441277,1.579591735e-04,-0.00000
3.460,1.579891876e-04,-9.978163322e-05,3.459093,3.300000,2.461277,1.579891797e-04,-0.00000
3.480,1.580191886e-04,-9.978163142e-05,3.479093,3.300000,2.481277,1.580191860e-04,-0.00000
3.500,1.580491933e-04,-9.978163222e-05,3.499093,3.300000,2.501277,1.580491922e-04,-0.00000
3.520,1.580792092e-04,-9.978163091e-05,3.519093,3.300000,2.521276,1.580791985e-04,-0.00001
3.540,1.581092016e-04,-9.978163251e-05,3.539093,3.300000,2.541276,1.581092047e-04,0.00000
3.560,1.581392156e-04,-9.978163214e-05,3.559092,3.300000,2.561276,1.581392110e-04,-0.00000
3.580,1.581692191e-04,-9.978162982e-05,3.579092,3.300000,2.581276,1.581692172e-04,-0.00000
3.600,1.581992275e-04,-9.978163243e-05,3.599092,3.300000,2.601276,1.581992234e-04,-0.00000
3.620,1.582292428e-04,-9.978163015e-05,3.619092,3.300000,2.621276,1.582292297e-04,-0.00001
3.640,1.582592333e-04,-9.978163279e-05,3.639092,3.300000,2.641275,1.582592359e-04,0.00000
3.660,1.582892448e-04,-9.978163153e-05,3.659091,3.300000,2.661275,1.582892422e-04,-0.00000
3.680,1.583192508e-04,-9.978163125e-05,3.679091,3.300000,2.681275,1.583192484e-04,-0.00000
3.700,1.583492660e-04,-9.978163295e-05,3.699091,3.300000,2.701275,1.583492546e-04,-0.00001
3.720,1.583792528e-04,-9.978163270e-05,3.719091,3.300000,2.721275,1.583792609e-04,0.00001
3.740,1.584092378e-04,-9.978163246e-05,3.739091,3.300000,2.741274,1.584092671e-04,0.00002
3.760,1.584392604e-04,-9.978163517e-05,3.759091,3.300000,2.761274,1.584392734e-04,0.00001
3.780,1.584692806e-04,-9.978163198e-05,3.779090,3.300000,2.781274,1.584692796e-04,-0.00000
3.800,1.584992940e-04,-9.978163274e-05,3.799090,3.300000,2.801274,1.584992858e-04,-0.00001
3.820,1.585292975e-04,-9.978163252e-05,3.819090,3.300000,2.821274,1.585292921e-04,-0.00000
3.840,1.585593103e-04,-9.978163329e-05,3.839090,3.300000,2.841274,1.585592983e-04,-0.00001
3.860,1.585892878e-04,-9.978163307e-05,3.859090,3.300000,2.861273,1.585893046e-04,0.00001
3.880,1.586193167e-04,-9.978163188e-05,3.879090,3.300000,2.881273,1.586193108e-04,-0.00000
3.900,1.586493171e-04,-9.978163266e-05,3.899089,3.300000,2.901273,1.586493171e-04,-0.00000
3.920,1.586793373e-04,-9.978163344e-05,3.919089,3.300000,2.921273,1.586793233e-04,-0.00001
3.940,1.587093359e-04,-9.978163227e-05,3.939089,3.300000,2.941273,1.587093295e-04,-0.00000
3.960,1.587393517e-04,-9.978163309e-05,3.959089,3.300000,2.961272,1.587393358e-04,-0.00001
3.980,1.587693645e-04,-9.978163293e-05,3.979089,3.300000,2.981272,1.587693420e-04,-0.00001
4.000,1.587993371e-04,-9.978163178e-05,3.999088,3.300000,3.001272,1.587993483e-04,0.00001
4.020,1.588293344e-04,-9.978163456e-05,4.019088,3.300000,3.021272,1.588293545e-04,0.00001
4.040,1.588593558e-04,-9.978163342e-05,4.039088,3.300000,3.041272,1.588593607e-04,0.00000
4.060,1.588893785e-04,-9.978163424e-05,4.059088,3.300000,3.061272,1.588893670e-04,-0.00001
4.080,1.589193709e-04,-9.978163309e-05,4.079088,3.300000,3.081271,1.589193732e-04,0.00000
4.100,1.589493607e-04,-9.978162998e-05,4.099088,3.300000,3.101271,1.589493795e-04,0.00001
4.120,1.589793729e-04,-9.978163375e-05,4.119087,3.300000,3.121271,1.589793857e-04,0.00001
4.140,1.590094073e-04,-9.978163457e-05,4.139087,3.300000,3.141271,1.590093919e-04,-0.00001
4.160,1.590394009e-04,-9.978163539e-05,4.159087,3.300000,3.161271,1.590393982e-04,-0.00000
4.180,1.590693871e-04,-9.978163326e-05,4.179087,3.300000,3.181271,1.590694044e-04,0.00001
4.200,1.590993875e-04,-9.978163506e-05,4.199087,3.300000,3.201270,1.590994107e-04,0.00001
4.220,1.591294269e-04,-9.978163195e-05,4.219087,3.300000,3.221270,1.591294169e-04,-0.00001
4.240,1.591594285e-04,-9.978163375e-05,4.239086,3.300000,3.241270,1.591594232e-04,-0.00000
4.260,1.591894314e-04,-9.978163359e-05,4.259086,3.300000,3.261270,1.591894294e-04,-0.00000
4.280,1.592194312e-04,-9.978163343e-05,4.279086,3.300000,3.281270,1.592194356e-04,0.00000
4.300,1.592494242e-04,-9.978163424e-05,4.299086,3.300000,3.301269,1.592494419e-04,0.00001
4.320,1.592794431e-04,-9.978163408e-05,4.319086,3.300000,3.321269,1.592794481e-04,0.00000
4.340,1.593094516e-04,-9.978163097e-05,4.339085,3.300000,3.341269,1.593094544e-04,0.00000
4.360,1.593394551e-04,-9.978163277e-05,4.359085,3.300000,3.361269,1.593394606e-04,0.00000
4.380,1.593694512e-04,-9.978163163e-05,4.379085,3.300000,3.381269,1.593694668e-04,0.00001
4.400,1.593994683e-04,-9.978163343e-05,4.399085,3.300000,3.401269,1.593994731e-04,0.00000
4.420,1.594294761e-04,-9.978163523e-05,4.419085,3.300000,3.421268,1.594294793e-04,0.00000
4.440,1.594594889e-04,-9.978163310e-05,4.439085,3.300000,3.441268,1.594594856e-04,-0.00000
4.460,1.594894899e-04,-9.978163294e-05,4.459084,3.300000,3.461268,1.594894918e-04,0.00000
4.480,1.595194872e-04,-9.978163277e-05,4.479084,3.300000,3.481268,1.595194981e-04,0.00001
4.500,1.595495037e-04,-9.978163261e-05,4.499084,3.300000,3.501268,1.595495043e-04,0.00000
4.520,1.595795233e-04,-9.978163441e-05,4.519084,3.300000,3.521268,1.595795105e-04,-0.00001
4.540,1.596094798e-04,-9.978163523e-05,4.539084,3.300000,3.541267,1.596095168e-04,0.00002
4.560,1.596395198e-04,-9.978163212e-05,4.559084,3.300000,3.561267,1.596395230e-04,0.00000
4.580,1.596695109e-04,-9.978163294e-05,4.579083,3.300000,3.581267,1.596695293e-04,0.00001
4.600,1.596995397e-04,-9.978163376e-05,4.599083,3.300000,3.601267,1.596995355e-04,-0.00000
4.620,1.597295494e-04,-9.978163359e-05,4.619083,3.300000,3.621267,1.597295417e-04,-0.00000
4.640,1.597595573e-04,-9.978163343e-05,4.639083,3.300000,3.641266,1.597595480e-04,-0.00001
4.660,1.597895546e-04,-9.978163327e-05,4.659083,3.300000,3.661266,1.597895542e-04,-0.00000
4.680,1.598195667e-04,-9.978163310e-05,4.679082,3.300000,3.681266,1.598195605e-04,-0.00000
4.700,1.598495727e-04,-9.978163196e-05,4.699082,3.300000,3.701266,1.598495667e-04,-0.00000
4.720,1.598795960e-04,-9.978163376e-05,4.719082,3.300000,3.721266,1.598795729e-04,-0.00001
4.740,1.599095642e-04,-9.978163261e-05,4.739082,3.300000,3.741266,1.599095792e-04,0.00001
4.760,1.599395813e-04,-9.978163343e-05,4.759082,3.300000,3.761265,1.599395854e-04,0.00000
4.780,1.599695694e-04,-9.978163425e-05,4.779082,3.300000,3.781265,1.599695917e-04,0.00001
4.800,1.599996032e-04,-9.978163310e-05,4.799081,3.300000,3.801265,1.599995979e-04,-0.00000
4.820,1.600296054e-04,-9.978163294e-05,4.819081,3.300000,3.821265,1.600296042e-04,-0.00000
4.840,1.600596164e-04,-9.978163474e-05,4.839081,3.300000,3.841265,1.600596104e-04,-0.00000
4.860,1.600896137e-04,-9.978163261e-05,4.859081,3.300000,3.861265,1.600896166e-04,0.00000
4.880,1.601196153e-04,-9.978163441e-05,4.879081,3.300000,3.881264,1.601196229e-04,0.00000
4.900,1.601496300e-04,-9.978163425e-05,4.899081,3.300000,3.901264,1.601496291e-04,-0.00000
4.920,1.601796341e-04,-9.978163212e-05,4.919080,3.300000,3.921264,1.601796354e-04,0.00000
4.940,1.602096400e-04,-9.978163490e-05,4.939080,3.300000,3.941264,1.602096416e-04,0.00000
4.960,1.602396275e-04,-9.978163376e-05,4.959080,3.300000,3.961264,1.602396478e-04,0.00001
4.980,1.602696551e-04,-9.978163163e-05,4.979080,3.300000,3.981264,1.602696541e-04,-0.00000
5.000,1.602996864e-04,-9.978163637e-05,4.999080,3.300000,4.001263,1.602996603e-04,-0.00002
5.020,1.603296837e-04,-9.978163523e-05,5.019079,3.300000,4.021263,1.603296666e-04,-0.00001
5.040,1.603596680e-04,-9.978163408e-05,5.039079,3.300000,4.041263,1.603596728e-04,0.00000
5.060,1.603896740e-04,-9.978163418e-05,5.059079,3.300000,4.061263,1.603896790e-04,0.00000
5.080,1.604196800e-04,-9.978163375e-05,5.079079,3.300000,4.081263,1.604196853e-04,0.00000
5.100,1.604497243e-04,-9.978163457e-05,5.099079,3.300000,4.101262,1.604496915e-04,-0.00002
5.120,1.604796938e-04,-9.978163441e-05,5.119079,3.300000,4.121262,1.604796978e-04,0.00000
5.140,1.605097035e-04,-9.978163228e-05,5.139078,3.300000,4.141262,1.605097040e-04,0.00000
5.160,1.605397039e-04,-9.978163310e-05,5.159078,3.300000,4.161262,1.605397103e-04,0.00000
5.180,1.605697389e-04,-9.978163392e-05,5.179078,3.300000,4.181262,1.605697165e-04,-0.00001
5.200,1.605996991e-04,-9.978163375e-05,5.199078,3.300000,4.201262,1.605997227e-04,0.00001
5.220,1.606297292e-04,-9.978163653e-05,5.219078,3.300000,4.221261,1.606297290e-04,-0.00000
5.240,1.606597457e-04,-9.978163539e-05,5.239078,3.300000,4.241261,1.606597352e-04,-0.00001
5.260,1.606897430e-04,-9.978163424e-05,5.259077,3.300000,4.261261,1.606897415e-04,-0.00000
5.280,1.607197558e-04,-9.978163310e-05,5.279077,3.300000,4.281261,1.607197477e-04,-0.00001
5.300,1.607497704e-04,-9.978163293e-05,5.299077,3.300000,4.301261,1.607497539e-04,-0.00001
5.320,1.607797857e-04,-9.978163473e-05,5.319077,3.300000,4.321260,1.607797602e-04,-0.00002
5.340,1.608097824e-04,-9.978163260e-05,5.339077,3.300000,4.341260,1.608097664e-04,-0.00001
5.360,1.608397642e-04,-9.978163637e-05,5.359076,3.300000,4.361260,1.608397727e-04,0.00001
5.380,1.608697838e-04,-9.978163424e-05,5.379076,3.300000,4.381260,1.608697789e-04,-0.00000
5.400,1.608997749e-04,-9.978163407e-05,5.399076,3.300000,4.401260,1.608997852e-04,0.00001
5.420,1.609297933e-04,-9.978163293e-05,5.419076,3.300000,4.421260,1.609297914e-04,-0.00000
5.440,1.609598048e-04,-9.978163473e-05,5.439076,3.300000,4.441259,1.609597976e-04,-0.00000
5.460,1.609898108e-04,-9.978163456e-05,5.459076,3.300000,4.461259,1.609898039e-04,-0.00000
5.480,1.610198335e-04,-9.978163440e-05,5.479075,3.300000,4.481259,1.610198101e-04,-0.00001
5.500,1.610497918e-04,-9.978163424e-05,5.499075,3.300000,4.501259,1.610498164e-04,0.00002
5.520,1.610798268e-04,-9.978163505e-05,5.519075,3.300000,4.521259,1.610798226e-04,-0.00000
5.540,1.611098211e-04,-9.978163587e-05,5.539075,3.300000,4.541259,1.611098288e-04,0.00000
5.560,1.611398567e-04,-9.978163374e-05,5.559075,3.300000,4.561258,1.611398351e-04,-0.00001
5.580,1.611698262e-04,-9.978163554e-05,5.579075,3.300000,4.581258,1.611698413e-04,0.00001
5.600,1.611998476e-04,-9.978163439e-05,5.599074,3.300000,4.601258,1.611998476e-04,-0.00000
5.620,1.612298505e-04,-9.978163521e-05,5.619074,3.300000,4.621258,1.612298538e-04,0.00000
5.640,1.612598522e-04,-9.978163505e-05,5.639074,3.300000,4.641258,1.612598600e-04,0.00000
5.660,1.612898860e-04,-9.978163488e-05,5.659074,3.300000,4.661257,1.612898663e-04,-0.00001
5.680,1.613198752e-04,-9.978163275e-05,5.679074,3.300000,4.681257,1.613198725e-04,-0.00000
5.700,1.613498775e-04,-9.978163456e-05,5.699073,3.300000,4.701257,1.613498788e-04,0.00000
5.720,1.613798798e-04,-9.978163341e-05,5.719073,3.300000,4.721257,1.613798850e-04,0.00000
5.740,1.614098715e-04,-9.978163619e-05,5.739073,3.300000,4.741257,1.614098913e-04,0.00001
5.760,1.614399220e-04,-9.978163406e-05,5.759073,3.300000,4.761257,1.614398975e-04,-0.00002
5.780,1.614699125e-04,-9.978163390e-05,5.779073,3.300000,4.781256,1.614699037e-04,-0.00001
5.800,1.614999136e-04,-9.978163471e-05,5.799073,3.300000,4.801256,1.614999100e-04,-0.00000
5.820,1.615299152e-04,-9.978163357e-05,5.819072,3.300000,4.821256,1.615299162e-04,0.00000
5.840,1.615599317e-04,-9.978163439e-05,5.839072,3.300000,4.841256,1.615599225e-04,-0.00001
5.860,1.615899315e-04,-9.978163324e-05,5.859072,3.300000,4.861256,1.615899287e-04,-0.00000
5.880,1.616199374e-04,-9.978163307e-05,5.879072,3.300000,4.881256,1.616199349e-04,-0.00000
5.900,1.616499354e-04,-9.978163389e-05,5.899072,3.300000,4.901255,1.616499412e-04,0.00000
5.920,1.616799494e-04,-9.978163471e-05,5.919072,3.300000,4.921255,1.616799474e-04,-0.00000
5.940,1.617099566e-04,-9.978163651e-05,5.939071,3.300000,4.941255,1.617099537e-04,-0.00000
5.960,1.617399681e-04,-9.978163242e-05,5.959071,3.300000,4.961255,1.617399599e-04,-0.00001
5.980,1.617699667e-04,-9.978163422e-05,5.979071,3.300000,4.981255,1.617699661e-04,-0.00000
6.000,1.617999640e-04,-9.978163503e-05,5.999071,3.300000,5.001254,1.617999724e-04,0.00001
6.020,1.618299786e-04,-9.978163585e-05,6.019071,3.300000,5.021254,1.618299786e-04,-0.00000
6.040,1.618599797e-04,-9.978163470e-05,6.039070,3.300000,5.041254,1.618599849e-04,0.00000
6.060,1.618899961e-04,-9.978163650e-05,6.059070,3.300000,5.061254,1.618899911e-04,-0.00000
6.080,1.619199798e-04,-9.978163536e-05,6.079070,3.300000,5.081254,1.619199974e-04,0.00001
6.100,1.619499932e-04,-9.978163421e-05,6.099070,3.300000,5.101254,1.619500036e-04,0.00001
6.120,1.619800209e-04,-9.978163405e-05,6.119070,3.300000,5.121253,1.619800098e-04,-0.00001
6.140,1.620100324e-04,-9.978163486e-05,6.139070,3.300000,5.141253,1.620100161e-04,-0.00001
6.160,1.620400495e-04,-9.978163568e-05,6.159069,3.300000,5.161253,1.620400223e-04,-0.00002
6.180,1.620700153e-04,-9.978163355e-05,6.179069,3.300000,5.181253,1.620700286e-04,0.00001
6.200,1.621000293e-04,-9.978163633e-05,6.199069,3.300000,5.201253,1.621000348e-04,0.00000
6.220,1.621300402e-04,-9.978163519e-05,6.219069,3.300000,5.221253,1.621300410e-04,0.00000
6.240,1.621600487e-04,-9.978163306e-05,6.239069,3.300000,5.241252,1.621600473e-04,-0.00000
6.260,1.621900553e-04,-9.978163584e-05,6.259069,3.300000,5.261252,1.621900535e-04,-0.00000
6.280,1.622200439e-04,-9.978163567e-05,6.279068,3.300000,5.281252,1.622200598e-04,0.00001
6.300,1.622500554e-04,-9.978163747e-05,6.299068,3.300000,5.301252,1.622500660e-04,0.00001
6.320,1.622800769e-04,-9.978163731e-05,6.319068,3.300000,5.321252,1.622800723e-04,-0.00000
6.340,1.623100779e-04,-9.978163223e-05,6.339068,3.300000,5.341252,1.623100785e-04,0.00000
6.360,1.623400993e-04,-9.978163501e-05,6.359068,3.300000,5.361251,1.623400847e-04,-0.00001
6.380,1.623700775e-04,-9.978163289e-05,6.379067,3.300000,5.381251,1.623700910e-04,0.00001
6.400,1.624000760e-04,-9.978163469e-05,6.399067,3.300000,5.401251,1.624000972e-04,0.00001
6.420,1.624301135e-04,-9.978163648e-05,6.419067,3.300000,5.421251,1.624301035e-04,-0.00001
6.440,1.624601170e-04,-9.978163730e-05,6.439067,3.300000,5.441251,1.624601097e-04,-0.00000
6.460,1.624901131e-04,-9.978163714e-05,6.459067,3.300000,5.461250,1.624901159e-04,0.00000
6.480,1.625201240e-04,-9.978163304e-05,6.479067,3.300000,5.481250,1.625201222e-04,-0.00000
6.500,1.625501350e-04,-9.978163681e-05,6.499066,3.300000,5.501250,1.625501284e-04,-0.00000
6.520,1.625801391e-04,-9.978163664e-05,6.519066,3.300000,5.521250,1.625801347e-04,-0.00000
6.540,1.626101364e-04,-9.978163648e-05,6.539066,3.300000,5.541250,1.626101409e-04,0.00000
6.560,1.626401417e-04,-9.978163631e-05,6.559066,3.300000,5.561250,1.626401471e-04,0.00000
6.580,1.626701551e-04,-9.978163320e-05,6.579066,3.300000,5.581249,1.626701534e-04,-0.00000
6.600,1.627001760e-04,-9.978163696e-05,6.599066,3.300000,5.601249,1.627001596e-04,-0.00001
6.620,1.627301714e-04,-9.978163484e-05,6.619065,3.300000,5.621249,1.627301659e-04,-0.00000
6.640,1.627601762e-04,-9.978163664e-05,6.639065,3.300000,5.641249,1.627601721e-04,-0.00000
6.660,1.627901803e-04,-9.978163647e-05,6.659065,3.300000,5.661249,1.627901784e-04,-0.00000
6.680,1.628201838e-04,-9.978163532e-05,6.679065,3.300000,5.681248,1.628201846e-04,0.00000
6.700,1.628501712e-04,-9.978163614e-05,6.699065,3.300000,5.701248,1.628501908e-04,0.00001
6.720,1.628801914e-04,-9.978163401e-05,6.719064,3.300000,5.721248,1.628801971e-04,0.00000
6.740,1.629102011e-04,-9.978163777e-05,6.739064,3.300000,5.741248,1.629102033e-04,0.00000
6.760,1.629401854e-04,-9.978163663e-05,6.759064,3.300000,5.761248,1.629402096e-04,0.00001
6.780,1.629702173e-04,-9.978163548e-05,6.779064,3.300000,5.781248,1.629702158e-04,-0.00000
6.800,1.630002295e-04,-9.978163630e-05,6.799064,3.300000,5.801247,1.630002220e-04,-0.00000
6.820,1.630302293e-04,-9.978163515e-05,6.819064,3.300000,5.821247,1.630302283e-04,-0.00000
6.840,1.630602408e-04,-9.978163597e-05,6.839063,3.300000,5.841247,1.630602345e-04,-0.00000
6.860,1.630902400e-04,-9.978163678e-05,6.859063,3.300000,5.861247,1.630902408e-04,0.00000
6.880,1.631202608e-04,-9.978163760e-05,6.879063,3.300000,5.881247,1.631202470e-04,-0.00001
6.900,1.631502662e-04,-9.978163645e-05,6.899063,3.300000,5.901247,1.631502532e-04,-0.00001
6.920,1.631802690e-04,-9.978163432e-05,6.919063,3.300000,5.921246,1.631802595e-04,-0.00001
6.940,1.632102843e-04,-9.978163514e-05,6.939063,3.300000,5.941246,1.632102657e-04,-0.00001
6.960,1.632402767e-04,-9.978163596e-05,6.959062,3.300000,5.961246,1.632402720e-04,-0.00000
6.980,1.632702944e-04,-9.978163481e-05,6.979062,3.300000,5.981246,1.632702782e-04,-0.00001
7.000,1.633002923e-04,-9.978163759e-05,6.999062,3.300000,6.001246,1.633002845e-04,-0.00000
7.020,1.633302742e-04,-9.978163645e-05,7.019062,3.300000,6.021245,1.633302907e-04,0.00001
7.040,1.633602944e-04,-9.978163628e-05,7.039062,3.300000,6.041245,1.633602969e-04,0.00000
7.060,1.633902843e-04,-9.978163612e-05,7.059061,3.300000,6.061245,1.633903032e-04,0.00001
7.080,1.634203193e-04,-9.978163595e-05,7.079061,3.300000,6.081245,1.634203094e-04,-0.00001
7.100,1.634503216e-04,-9.978163579e-05,7.099061,3.300000,6.101245,1.634503157e-04,-0.00000
7.120,1.634803362e-04,-9.978163660e-05,7.119061,3.300000,6.121245,1.634803219e-04,-0.00001
7.140,1.635103143e-04,-9.978163742e-05,7.139061,3.300000,6.141244,1.635103281e-04,0.00001
7.160,1.635403104e-04,-9.978163529e-05,7.159061,3.300000,6.161244,1.635403344e-04,0.00001
7.180,1.635703257e-04,-9.978163316e-05,7.179060,3.300000,6.181244,1.635703406e-04,0.00001
7.200,1.636003409e-04,-9.978163300e-05,7.199060,3.300000,6.201244,1.636003469e-04,0.00000
7.220,1.636303574e-04,-9.978163774e-05,7.219060,3.300000,6.221244,1.636303531e-04,-0.00000
7.240,1.636603733e-04,-9.978163758e-05,7.239060,3.300000,6.241244,1.636603593e-04,-0.00001
7.260,1.636903731e-04,-9.978163643e-05,7.259060,3.300000,6.261243,1.636903656e-04,-0.00000
7.280,1.637203827e-04,-9.978163626e-05,7.279060,3.300000,6.281243,1.637203718e-04,-0.00001
7.300,1.637503899e-04,-9.978163512e-05,7.299059,3.300000,6.301243,1.637503781e-04,-0.00001
7.320,1.637803928e-04,-9.978163790e-05,7.319059,3.300000,6.321243,1.637803843e-04,-0.00001
7.340,1.638103895e-04,-9.978163577e-05,7.339059,3.300000,6.341243,1.638103906e-04,0.00000
7.360,1.638404110e-04,-9.978163855e-05,7.359059,3.300000,6.361242,1.638403968e-04,-0.00001
7.380,1.638704064e-04,-9.978163642e-05,7.379059,3.300000,6.381242,1.638704030e-04,-0.00000
7.400,1.639004099e-04,-9.978163822e-05,7.399058,3.300000,6.401242,1.639004093e-04,-0.00000
7.420,1.639304085e-04,-9.978163609e-05,7.419058,3.300000,6.421242,1.639304155e-04,0.00000
7.440,1.639604076e-04,-9.978163789e-05,7.439058,3.300000,6.441242,1.639604218e-04,0.00001
7.460,1.639904489e-04,-9.978163576e-05,7.459058,3.300000,6.461242,1.639904280e-04,-0.00001
7.480,1.640204363e-04,-9.978163461e-05,7.479058,3.300000,6.481241,1.640204342e-04,-0.00000
7.500,1.640504497e-04,-9.978163346e-05,7.499058,3.300000,6.501241,1.640504405e-04,-0.00001
7.520,1.640804445e-04,-9.978163723e-05,7.519057,3.300000,6.521241,1.640804467e-04,0.00000
7.540,1.641104461e-04,-9.978163706e-05,7.539057,3.300000,6.541241,1.641104530e-04,0.00000
7.560,1.641404688e-04,-9.978163591e-05,7.559057,3.300000,6.561241,1.641404592e-04,-0.00001
7.580,1.641704705e-04,-9.978163771e-05,7.579057,3.300000,6.581241,1.641704655e-04,-0.00000
7.600,1.642004653e-04,-9.978163755e-05,7.599057,3.300000,6.601240,1.642004717e-04,0.00000
7.620,1.642304824e-04,-9.978163542e-05,7.619057,3.300000,6.621240,1.642304779e-04,-0.00000
7.640,1.642605026e-04,-9.978163525e-05,7.639056,3.300000,6.641240,1.642604842e-04,-0.00001
7.660,1.642904752e-04,-9.978163705e-05,7.659056,3.300000,6.661240,1.642904904e-04,0.00001
7.680,1.643204991e-04,-9.978163689e-05,7.679056,3.300000,6.681240,1.643204967e-04,-0.00000
7.700,1.643504908e-04,-9.978163770e-05,7.699056,3.300000,6.701239,1.643505029e-04,0.00001
7.720,1.643804968e-04,-9.978163754e-05,7.719056,3.300000,6.721239,1.643805091e-04,0.00001
7.740,1.644105319e-04,-9.978163443e-05,7.739055,3.300000,6.741239,1.644105154e-04,-0.00001
7.760,1.644405261e-04,-9.978163819e-05,7.759055,3.300000,6.761239,1.644405216e-04,-0.00000
7.780,1.644705290e-04,-9.978163704e-05,7.779055,3.300000,6.781239,1.644705279e-04,-0.00000
7.800,1.645005522e-04,-9.978163589e-05,7.799055,3.300000,6.801239,1.645005341e-04,-0.00001
7.820,1.645305545e-04,-9.978163376e-05,7.819055,3.300000,6.821238,1.645305403e-04,-0.00001
7.840,1.645605698e-04,-9.978163753e-05,7.839055,3.300000,6.841238,1.645605466e-04,-0.00001
7.860,1.645905708e-04,-9.978163540e-05,7.859054,3.300000,6.861238,1.645905528e-04,-0.00001
7.880,1.646205594e-04,-9.978163720e-05,7.879054,3.300000,6.881238,1.646205591e-04,-0.00000
7.900,1.646505722e-04,-9.978163703e-05,7.899054,3.300000,6.901238,1.646505653e-04,-0.00000
7.920,1.646805757e-04,-9.978163785e-05,7.919054,3.300000,6.921238,1.646805716e-04,-0.00000
7.940,1.647105879e-04,-9.978163670e-05,7.939054,3.300000,6.941237,1.647105778e-04,-0.00001
7.960,1.647405877e-04,-9.978163850e-05,7.959054,3.300000,6.961237,1.647405840e-04,-0.00000
7.980,1.647705973e-04,-9.978163637e-05,7.979053,3.300000,6.981237,1.647705903e-04,-0.00000
8.000,1.648006114e-04,-9.978163714e-05,7.999053,3.300000,7.001237,1.648005965e-04,-0.00001
8.020,1.648044305e-04,-9.978163741e-05,8.001597,3.300000,7.003781,1.648072000e-04,0.00168
8.040,1.648044403e-04,-9.978163840e-05,8.001599,3.300000,7.003783,1.648072000e-04,0.00167
8.060,1.648044698e-04,-9.978163840e-05,8.001599,3.300000,7.003783,1.648072000e-04,0.00166
8.080,1.648044830e-04,-9.978163643e-05,8.001600,3.300000,7.003783,1.648072000e-04,0.00165
8.100,1.648044925e-04,-9.978163938e-05,8.001600,3.300000,7.003783,1.648072000e-04,0.00164
8.120,1.648044938e-04,-9.978163643e-05,8.001600,3.300000,7.003784,1.648072000e-04,0.00164
8.140,1.648045161e-04,-9.978163840e-05,8.001600,3.300000,7.003784,1.648072000e-04,0.00163
8.160,1.648045418e-04,-9.978163741e-05,8.001600,3.300000,7.003784,1.648072000e-04,0.00161
8.180,1.648045282e-04,-9.978163840e-05,8.001600,3.300000,7.003784,1.648072000e-04,0.00162
8.200,1.648045507e-04,-9.978163741e-05,8.001600,3.300000,7.003784,1.648072000e-04,0.00161
8.220,1.648045419e-04,-9.978163545e-05,8.001600,3.300000,7.003784,1.648072000e-04,0.00161
8.240,1.648045779e-04,-9.978163349e-05,8.001600,3.300000,7.003784,1.648072000e-04,0.00159
8.260,1.648046024e-04,-9.978163545e-05,8.001600,3.300000,7.003784,1.648072000e-04,0.00158
8.280,1.648045924e-04,-9.978163741e-05,8.001600,3.300000,7.003784,1.648072000e-04,0.00158
8.300,1.648046151e-04,-9.978163643e-05,8.001600,3.300000,7.003784,1.648072000e-04,0.00157
8.320,1.648046138e-04,-9.978163741e-05,8.001600,3.300000,7.003784,1.648072000e-04,0.00157
8.340,1.648046510e-04,-9.978163545e-05,8.001600,3.300000,7.003784,1.648072000e-04,0.00155
8.360,1.648046437e-04,-9.978163545e-05,8.001600,3.300000,7.003784,1.648072000e-04,0.00155
8.380,1.648046611e-04,-9.978163741e-05,8.001600,3.300000,7.003784,1.648072000e-04,0.00154
8.400,1.648046777e-04,-9.978163545e-05,8.001600,3.300000,7.003784,1.648072000e-04,0.00153
8.420,1.648046869e-04,-9.978163643e-05,8.001600,3.300000,7.003784,1.648072000e-04,0.00152
8.440,1.648046969e-04,-9.978163643e-05,8.001600,3.300000,7.003784,1.648072000e-04,0.00152
8.460,1.648046823e-04,-9.978163545e-05,8.001600,3.300000,7.003784,1.648072000e-04,0.00153
8.480,1.648047342e-04,-9.978163643e-05,8.001600,3.300000,7.003784,1.648072000e-04,0.00150
8.500,1.648047369e-04,-9.978163741e-05,8.001600,3.300000,7.003784,1.648072000e-04,0.00149
8.520,1.648047221e-04,-9.978163840e-05,8.001600,3.300000,7.003784,1.648072000e-04,0.00150
8.540,1.648047338e-04,-9.978163741e-05,8.001600,3.300000,7.003784,1.648072000e-04,0.00150
8.560,1.648047072e-04,-9.978163840e-05,8.001600,3.300000,7.003784,1.648072000e-04,0.00151
8.580,1.648047697e-04,-9.978163643e-05,8.001600,3.300000,7.003784,1.648072000e-04,0.00147
8.600,1.648047655e-04,-9.978163741e-05,8.001600,3.300000,7.003784,1.648072000e-04,0.00148
8.620,1.648047818e-04,-9.978163741e-05,8.001600,3.300000,7.003784,1.648072000e-04,0.00147
8.640,1.648047943e-04,-9.978163741e-05,8.001600,3.300000,7.003784,1.648072000e-04,0.00146
8.660,1.648048031e-04,-9.978163741e-05,8.001600,3.300000,7.003784,1.648072000e-04,0.00145
8.680,1.648048193e-04,-9.978163741e-05,8.001600,3.300000,7.003784,1.648072000e-04,0.00144
8.700,1.648048319e-04,-9.978163741e-05,8.001600,3.300000,7.003784,1.648072000e-04,0.00144
8.720,1.648048406e-04,-9.978163741e-05,8.001600,3.300000,7.003784,1.648072000e-04,0.00143
8.740,1.648048569e-04,-9.978163741e-05,8.001600,3.300000,7.003784,1.648072000e-04,0.00142
8.760,1.648048694e-04,-9.978163741e-05,8.001600,3.300000,7.003784,1.648072000e-04,0.00141
8.780,1.648048782e-04,-9.978163741e-05,8.001600,3.300000,7.003784,1.648072000e-04,0.00141
8.800,1.648048945e-04,-9.978163741e-05,8.001600,3.300000,7.003784,1.648072000e-04,0.00140
8.820,1.648049070e-04,-9.978163741e-05,8.001600,3.300000,7.003784,1.648072000e-04,0.00139
8.840,1.648049157e-04,-9.978163741e-05,8.001600,3.300000,7.003784,1.648072000e-04,0.00139
8.860,1.648049320e-04,-9.978163741e-05,8.001600,3.300000,7.003784,1.648072000e-04,0.00138
8.880,1.648049445e-04,-9.978163741e-05,8.001600,3.300000,7.003784,1.648072000e-04,0.00137
8.900,1.648049533e-04,-9.978163741e-05,8.001600,3.300000,7.003784,1.648072000e-04,0.00136
8.920,1.648049696e-04,-9.978163741e-05,8.001600,3.300000,7.003784,1.648072000e-04,0.00135
8.940,1.648049821e-04,-9.978163741e-05,8.001600,3.300000,7.003784,1.648072000e-04,0.00135
8.960,1.648049909e-04,-9.978163741e-05,8.001600,3.300000,7.003784,1.648072000e-04,0.00134
8.980,1.648050071e-04,-9.978163741e-05,8.001600,3.300000,7.003784,1.648072000e-04,0.00133
9.000,1.648050197e-04,-9.978163741e-05,8.001600,3.300000,7.003784,1.648072000e-04,0.00132
9.020,1.648050284e-04,-9.978163741e-05,8.001600,3.300000,7.003784,1.648072000e-04,0.00132
9.040,1.648050447e-04,-9.978163741e-05,8.001600,3.300000,7.003784,1.648072000e-04,0.00131
9.060,1.648050572e-04,-9.978163741e-05,8.001600,3.300000,7.003784,1.648072000e-04,0.00130
9.080,1.648050660e-04,-9.978163741e-05,8.001600,3.300000,7.003784,1.648072000e-04,0.00129
9.100,1.648050823e-04,-9.978163741e-05,8.001600,3.300000,7.003784,1.648072000e-04,0.00128
9.120,1.648050948e-04,-9.978163741e-05,8.001600,3.300000,7.003784,1.648072000e-04,0.00128
9.140,1.648051035e-04,-9.978163741e-05,8.001600,3.300000,7.003784,1.648072000e-04,0.00127
9.160,1.648051198e-04,-9.978163741e-05,8.001600,3.300000,7.003784,1.648072000e-04,0.00126
9.180,1.648051323e-04,-9.978163741e-05,8.001600,3.300000,7.003784,1.648072000e-04,0.00125
9.200,1.648051411e-04,-9.978163741e-05,8.001600,3.300000,7.003784,1.648072000e-04,0.00125
9.220,1.648051574e-04,-9.978163741e-05,8.001600,3.300000,7.003784,1.648072000e-04,0.00124
9.240,1.648051699e-04,-9.978163741e-05,8.001600,3.300000,7.003784,1.648072000e-04,0.00123
9.260,1.648051787e-04,-9.978163741e-05,8.001600,3.300000,7.003784,1.648072000e-04,0.00123
9.280,1.648051949e-04,-9.978163741e-05,8.001600,3.300000,7.003784,1.648072000e-04,0.00122
9.300,1.648052075e-04,-9.978163741e-05,8.001600,3.300000,7.003784,1.648072000e-04,0.00121
9.320,1.648052162e-04,-9.978163741e-05,8.001600,3.300000,7.003784,1.648072000e-04,0.00120
9.340,1.648052325e-04,-9.978163741e-05,8.001600,3.300000,7.003784,1.648072000e-04,0.00119
9.360,1.648052450e-04,-9.978163741e-05,8.001600,3.300000,7.003784,1.648072000e-04,0.00119
9.380,1.648052538e-04,-9.978163741e-05,8.001600,3.300000,7.003784,1.648072000e-04,0.00118
9.400,1.648052701e-04,-9.978163741e-05,8.001600,3.300000,7.003784,1.648072000e-04,0.00117
9.420,1.648052826e-04,-9.978163741e-05,8.001600,3.300000,7.003784,1.648072000e-04,0.00116
9.440,1.648052913e-04,-9.978163741e-05,8.001600,3.300000,7.003784,1.648072000e-04,0.00116
9.460,1.648053076e-04,-9.978163741e-05,8.001600,3.300000,7.003784,1.648072000e-04,0.00115
9.480,1.648053201e-04,-9.978163741e-05,8.001600,3.300000,7.003784,1.648072000e-04,0.00114
9.500,1.648053289e-04,-9.978163741e-05,8.001600,3.300000,7.003784,1.648072000e-04,0.00114
9.520,1.648053452e-04,-9.978163741e-05,8.001600,3.300000,7.003784,1.648072000e-04,0.00113
9.540,1.648053577e-04,-9.978163741e-05,8.001600,3.300000,7.003784,1.648072000e-04,0.00112
9.560,1.648053665e-04,-9.978163741e-05,8.001600,3.300000,7.003784,1.648072000e-04,0.00111
9.580,1.648053827e-04,-9.978163741e-05,8.001600,3.300000,7.003784,1.648072000e-04,0.00110
9.600,1.648053953e-04,-9.978163741e-05,8.001600,3.300000,7.003784,1.648072000e-04,0.00110
9.620,1.648054040e-04,-9.978163741e-05,8.001600,3.300000,7.003784,1.648072000e-04,0.00109
9.640,1.648054203e-04,-9.978163741e-05,8.001600,3.300000,7.003784,1.648072000e-04,0.00108
9.660,1.648054328e-04,-9.978163741e-05,8.001600,3.300000,7.003784,1.648072000e-04,0.00107
9.680,1.648054416e-04,-9.978163741e-05,8.001600,3.300000,7.003784,1.648072000e-04,0.00107
9.700,1.648054579e-04,-9.978163741e-05,8.001600,3.300000,7.003784,1.648072000e-04,0.00106
9.720,1.648054704e-04,-9.978163741e-05,8.001600,3.300000,7.003784,1.648072000e-04,0.00105
9.740,1.648054791e-04,-9.978163741e-05,8.001600,3.300000,7.003784,1.648072000e-04,0.00104
9.760,1.648054954e-04,-9.978163741e-05,8.001600,3.300000,7.003784,1.648072000e-04,0.00103
9.780,1.648055079e-04,-9.978163741e-05,8.001600,3.300000,7.003784,1.648072000e-04,0.00103
9.800,1.648055167e-04,-9.978163741e-05,8.001600,3.300000,7.003784,1.648072000e-04,0.00102
9.820,1.648055330e-04,-9.978163741e-05,8.001600,3.300000,7.003784,1.648072000e-04,0.00101
9.840,1.648055455e-04,-9.978163741e-05,8.001600,3.300000,7.003784,1.648072000e-04,0.00100
9.860,1.648055543e-04,-9.978163741e-05,8.001600,3.300000,7.003784,1.648072000e-04,0.00100
9.880,1.648055705e-04,-9.978163741e-05,8.001600,3.300000,7.003784,1.648072000e-04,0.00099
9.900,1.648055831e-04,-9.978163741e-05,8.001600,3.300000,7.003784,1.648072000e-04,0.00098
9.920,1.648055918e-04,-9.978163741e-05,8.001600,3.300000,7.003784,1.648072000e-04,0.00098
9.940,1.648056081e-04,-9.978163741e-05,8.001600,3.300000,7.003784,1.648072000e-04,0.00097
9.960,1.648056206e-04,-9.978163741e-05,8.001600,3.300000,7.003784,1.648072000e-04,0.00096
9.980,1.648056294e-04,-9.978163741e-05,8.001600,3.300000,7.003784,1.648072000e-04,0.00095
10.000,1.648056457e-04,-9.978163741e-05,8.001600,3.300000,7.003784,1.648072000e-04,0.00094
10.020,1.648056582e-04,-9.978163741e-05,8.001600,3.300000,7.003784,1.648072000e-04,0.00094
10.040,1.648056669e-04,-9.978163741e-05,8.001600,3.300000,7.003784,1.648072000e-04,0.00093
10.060,1.648056832e-04,-9.978163741e-05,8.001600,3.300000,7.003784,1.648072000e-04,0.00092
10.080,1.648056957e-04,-9.978163741e-05,8.001600,3.300000,7.003784,1.648072000e-04,0.00091
10.100,1.648057045e-04,-9.978163741e-05,8.001600,3.300000,7.003784,1.648072000e-04,0.00091
10.120,1.648057208e-04,-9.978163741e-05,8.001600,3.300000,7.003784,1.648072000e-04,0.00090
10.140,1.648057333e-04,-9.978163741e-05,8.001600,3.300000,7.003784,1.648072000e-04,0.00089
10.160,1.648057421e-04,-9.978163741e-05,8.001600,3.300000,7.003784,1.648072000e-04,0.00088
10.180,1.648057583e-04,-9.978163741e-05,8.001600,3.300000,7.003784,1.648072000e-04,0.00087
10.200,1.648057709e-04,-9.978163741e-05,8.001600,3.300000,7.003784,1.648072000e-04,0.00087
10.220,1.648057796e-04,-9.978163741e-05,8.001600,3.300000,7.003784,1.648072000e-04,0.00086
10.240,1.648057959e-04,-9.978163741e-05,8.001600,3.300000,7.003784,1.648072000e-04,0.00085
10.260,1.648058084e-04,-9.978163741e-05,8.001600,3.300000,7.003784,1.648072000e-04,0.00084
10.280,1.648058172e-04,-9.978163741e-05,8.001600,3.300000,7.003784,1.648072000e-04,0.00084
10.300,1.648058335e-04,-9.978163741e-05,8.001600,3.300000,7.003784,1.648072000e-04,0.00083
10.320,1.648058460e-04,-9.978163741e-05,8.001600,3.300000,7.003784,1.648072000e-04,0.00082
10.340,1.648058547e-04,-9.978163741e-05,8.001600,3.300000,7.003784,1.648072000e-04,0.00082
10.360,1.648058710e-04,-9.978163741e-05,8.001600,3.300000,7.003784,1.648072000e-04,0.00081
10.380,1.648058835e-04,-9.978163741e-05,8.001600,3.300000,7.003784,1.648072000e-04,0.00080
10.400,1.648058923e-04,-9.978163741e-05,8.001600,3.300000,7.003784,1.648072000e-04,0.00079
10.420,1.648059086e-04,-9.978163741e-05,8.001600,3.300000,7.003784,1.648072000e-04,0.00078
10.440,1.648059211e-04,-9.978163741e-05,8.001600,3.300000,7.003784,1.648072000e-04,0.00078
10.460,1.648059299e-04,-9.978163741e-05,8.001600,3.300000,7.003784,1.648072000e-04,0.00077
10.480,1.648059461e-04,-9.978163741e-05,8.001600,3.300000,7.003784,1.648072000e-04,0.00076
10.500,1.648059587e-04,-9.978163741e-05,8.001600,3.300000,7.003784,1.648072000e-04,0.00075
10.520,1.648059674e-04,-9.978163741e-05,8.001600,3.300000,7.003784,1.648072000e-04,0.00075
10.540,1.648059837e-04,-9.978163741e-05,8.001600,3.300000,7.003784,1.648072000e-04,0.00074
10.560,1.648059962e-04,-9.978163741e-05,8.001600,3.300000,7.003784,1.648072000e-04,0.00073
10.580,1.648060050e-04,-9.978163741e-05,8.001600,3.300000,7.003784,1.648072000e-04,0.00073
10.600,1.648060213e-04,-9.978163741e-05,8.001600,3.300000,7.003784,1.648072000e-04,0.00072
10.620,1.648060338e-04,-9.978163741e-05,8.001600,3.300000,7.003784,1.648072000e-04,0.00071
10.640,1.648060425e-04,-9.978163741e-05,8.001600,3.300000,7.003784,1.648072000e-04,0.00070
10.660,1.648060588e-04,-9.978163741e-05,8.001600,3.300000,7.003784,1.648072000e-04,0.00069
10.680,1.648060713e-04,-9.978163741e-05,8.001600,3.300000,7.003784,1.648072000e-04,0.00068
10.700,1.648060801e-04,-9.978163741e-05,8.001600,3.300000,7.003784,1.648072000e-04,0.00068
10.720,1.648060964e-04,-9.978163741e-05,8.001600,3.300000,7.003784,1.648072000e-04,0.00067
10.740,1.648061089e-04,-9.978163741e-05,8.001600,3.300000,7.003784,1.648072000e-04,0.00066
10.760,1.648061177e-04,-9.978163741e-05,8.001600,3.300000,7.003784,1.648072000e-04,0.00066
10.780,1.648061339e-04,-9.978163741e-05,8.001600,3.300000,7.003784,1.648072000e-04,0.00065
10.800,1.648061465e-04,-9.978163741e-05,8.001600,3.300000,7.003784,1.648072000e-04,0.00064
10.820,1.648061552e-04,-9.978163741e-05,8.001600,3.300000,7.003784,1.648072000e-04,0.00063
10.840,1.648061715e-04,-9.978163741e-05,8.001600,3.300000,7.003784,1.648072000e-04,0.00062
10.860,1.648061840e-04,-9.978163741e-05,8.001600,3.300000,7.003784,1.648072000e-04,0.00062
10.880,1.648061928e-04,-9.978163741e-05,8.001600,3.300000,7.003784,1.648072000e-04,0.00061
10.900,1.648062091e-04,-9.978163741e-05,8.001600,3.300000,7.003784,1.648072000e-04,0.00060
10.920,1.648062216e-04,-9.978163741e-05,8.001600,3.300000,7.003784,1.648072000e-04,0.00059
10.940,1.648062303e-04,-9.978163741e-05,8.001600,3.300000,7.003784,1.648072000e-04,0.00059
10.960,1.648062466e-04,-9.978163741e-05,8.001600,3.300000,7.003784,1.648072000e-04,0.00058
10.980,1.648062591e-04,-9.978163741e-05,8.001600,3.300000,7.003784,1.648072000e-04,0.00057
11.000,1.648062679e-04,-9.978163741e-05,8.001600,3.300000,7.003784,1.648072000e-04,0.00057
11.020,1.648062842e-04,-9.978163741e-05,8.001600,3.300000,7.003784,1.648072000e-04,0.00056
11.040,1.648062967e-04,-9.978163741e-05,8.001600,3.300000,7.003784,1.648072000e-04,0.00055
11.060,1.648063055e-04,-9.978163741e-05,8.001600,3.300000,7.003784,1.648072000e-04,0.00054
11.080,1.648063217e-04,-9.978163741e-05,8.001600,3.300000,7.003784,1.648072000e-04,0.00053
11.100,1.648063343e-04,-9.978163741e-05,8.001600,3.300000,7.003784,1.648072000e-04,0.00053
11.120,1.648063430e-04,-9.978163741e-05,8.001600,3.300000,7.003784,1.648072000e-04,0.00052
11.140,1.648063593e-04,-9.978163741e-05,8.001600,3.300000,7.003784,1.648072000e-04,0.00051
11.160,1.648063718e-04,-9.978163741e-05,8.001600,3.300000,7.003784,1.648072000e-04,0.00050
11.180,1.648063806e-04,-9.978163741e-05,8.001600,3.300000,7.003784,1.648072000e-04,0.00050
11.200,1.648063969e-04,-9.978163741e-05,8.001600,3.300000,7.003784,1.648072000e-04,0.00049
11.220,1.648064094e-04,-9.978163741e-05,8.001600,3.300000,7.003784,1.648072000e-04,0.00048
11.240,1.648064181e-04,-9.978163741e-05,8.001600,3.300000,7.003784,1.648072000e-04,0.00047
11.260,1.648064344e-04,-9.978163741e-05,8.001600,3.300000,7.003784,1.648072000e-04,0.00046
11.280,1.648064469e-04,-9.978163741e-05,8.001600,3.300000,7.003784,1.648072000e-04,0.00046
11.300,1.648064557e-04,-9.978163741e-05,8.001600,3.300000,7.003784,1.648072000e-04,0.00045
11.320,1.648064720e-04,-9.978163741e-05,8.001600,3.300000,7.003784,1.648072000e-04,0.00044
11.340,1.648064845e-04,-9.978163741e-05,8.001600,3.300000,7.003784,1.648072000e-04,0.00043
11.360,1.648064933e-04,-9.978163741e-05,8.001600,3.300000,7.003784,1.648072000e-04,0.00043
11.380,1.648065095e-04,-9.978163741e-05,8.001600,3.300000,7.003784,1.648072000e-04,0.00042
11.400,1.648065221e-04,-9.978163741e-05,8.001600,3.300000,7.003784,1.648072000e-04,0.00041
11.420,1.648065308e-04,-9.978163741e-05,8.001600,3.300000,7.003784,1.648072000e-04,0.00041
11.440,1.648065471e-04,-9.978163741e-05,8.001600,3.300000,7.003784,1.648072000e-04,0.00040
11.460,1.648065596e-04,-9.978163741e-05,8.001600,3.300000,7.003784,1.648072000e-04,0.00039
11.480,1.648065684e-04,-9.978163741e-05,8.001600,3.300000,7.003784,1.648072000e-04,0.00038
11.500,1.648065847e-04,-9.978163741e-05,8.001600,3.300000,7.003784,1.648072000e-04,0.00037
11.520,1.648065972e-04,-9.978163741e-05,8.001600,3.300000,7.003784,1.648072000e-04,0.00037
11.540,1.648066059e-04,-9.978163741e-05,8.001600,3.300000,7.003784,1.648072000e-04,0.00036
11.560,1.648066222e-04,-9.978163741e-05,8.001600,3.300000,7.003784,1.648072000e-04,0.00035
11.580,1.648066347e-04,-9.978163741e-05,8.001600,3.300000,7.003784,1.648072000e-04,0.00034
11.600,1.648066435e-04,-9.978163741e-05,8.001600,3.300000,7.003784,1.648072000e-04,0.00034
11.620,1.648066598e-04,-9.978163741e-05,8.001600,3.300000,7.003784,1.648072000e-04,0.00033
11.640,1.648066723e-04,-9.978163741e-05,8.001600,3.300000,7.003784,1.648072000e-04,0.00032
11.660,1.648066811e-04,-9.978163741e-05,8.001600,3.300000,7.003784,1.648072000e-04,0.00031
11.680,1.648066973e-04,-9.978163741e-05,8.001600,3.300000,7.003784,1.648072000e-04,0.00030
11.700,1.648067099e-04,-9.978163741e-05,8.001600,3.300000,7.003784,1.648072000e-04,0.00030
11.720,1.648067186e-04,-9.978163741e-05,8.001600,3.300000,7.003784,1.648072000e-04,0.00029
11.740,1.648067349e-04,-9.978163741e-05,8.001600,3.300000,7.003784,1.648072000e-04,0.00028
11.760,1.648067474e-04,-9.978163741e-05,8.001600,3.300000,7.003784,1.648072000e-04,0.00027
11.780,1.648067562e-04,-9.978163741e-05,8.001600,3.300000,7.003784,1.648072000e-04,0.00027
11.800,1.648067725e-04,-9.978163741e-05,8.001600,3.300000,7.003784,1.648072000e-04,0.00026
11.820,1.648067850e-04,-9.978163741e-05,8.001600,3.300000,7.003784,1.648072000e-04,0.00025
11.840,1.648067937e-04,-9.978163741e-05,8.001600,3.300000,7.003784,1.648072000e-04,0.00025
11.860,1.648068100e-04,-9.978163741e-05,8.001600,3.300000,7.003784,1.648072000e-04,0.00024
11.880,1.648068225e-04,-9.978163741e-05,8.001600,3.300000,7.003784,1.648072000e-04,0.00023
11.900,1.648068313e-04,-9.978163741e-05,8.001600,3.300000,7.003784,1.648072000e-04,0.00022
11.920,1.648068476e-04,-9.978163741e-05,8.001600,3.300000,7.003784,1.648072000e-04,0.00021
11.940,1.648068601e-04,-9.978163741e-05,8.001600,3.300000,7.003784,1.648072000e-04,0.00021
11.960,1.648068689e-04,-9.978163741e-05,8.001600,3.300000,7.003784,1.648072000e-04,0.00020
11.980,1.648068851e-04,-9.978163741e-05,8.001600,3.300000,7.003784,1.648072000e-04,0.00019
12.000,1.648068977e-04,-9.978163741e-05,8.001600,3.300000,7.003784,1.648072000e-04,0.00018
12.020,1.648069064e-04,-9.978163741e-05,8.001600,3.300000,7.003784,1.648072000e-04,0.00018
12.040,1.648069227e-04,-9.978163741e-05,8.001600,3.300000,7.003784,1.648072000e-04,0.00017
12.060,1.648069352e-04,-9.978163741e-05,8.001600,3.300000,7.003784,1.648072000e-04,0.00016
12.080,1.648069440e-04,-9.978163741e-05,8.001600,3.300000,7.003784,1.648072000e-04,0.00016
12.100,1.648069603e-04,-9.978163741e-05,8.001600,3.300000,7.003784,1.648072000e-04,0.00015
12.120,1.648069728e-04,-9.978163741e-05,8.001600,3.300000,7.003784,1.648072000e-04,0.00014
12.140,1.648069815e-04,-9.978163741e-05,8.001600,3.300000,7.003784,1.648072000e-04,0.00013
12.160,1.648069978e-04,-9.978163741e-05,8.001600,3.300000,7.003784,1.648072000e-04,0.00012
12.180,1.648070103e-04,-9.978163741e-05,8.001600,3.300000,7.003784,1.648072000e-04,0.00012
12.200,1.648070191e-04,-9.978163741e-05,8.001600,3.300000,7.003784,1.648072000e-04,0.00011
12.220,1.648070354e-04,-9.978163741e-05,8.001600,3.300000,7.003784,1.648072000e-04,0.00010
12.240,1.648070479e-04,-9.978163741e-05,8.001600,3.300000,7.003784,1.648072000e-04,0.00009
12.260,1.648070567e-04,-9.978163741e-05,8.001600,3.300000,7.003784,1.648072000e-04,0.00009
12.280,1.648070729e-04,-9.978163741e-05,8.001600,3.300000,7.003784,1.648072000e-04,0.00008
12.300,1.648070855e-04,-9.978163741e-05,8.001600,3.300000,7.003784,1.648072000e-04,0.00007
12.320,1.648070942e-04,-9.978163741e-05,8.001600,3.300000,7.003784,1.648072000e-04,0.00006
12.340,1.648071105e-04,-9.978163741e-05,8.001600,3.300000,7.003784,1.648072000e-04,0.00005
12.360,1.648071230e-04,-9.978163741e-05,8.001600,3.300000,7.003784,1.648072000e-04,0.00005
12.380,1.648071318e-04,-9.978163741e-05,8.001600,3.300000,7.003784,1.648072000e-04,0.00004
12.400,1.648071481e-04,-9.978163741e-05,8.001600,3.300000,7.003784,1.648072000e-04,0.00003
12.420,1.648071606e-04,-9.978163741e-05,8.001600,3.300000,7.003784,1.648072000e-04,0.00002
12.440,1.648071693e-04,-9.978163741e-05,8.001600,3.300000,7.003784,1.648072000e-04,0.00002
12.460,1.648071856e-04,-9.978163741e-05,8.001600,3.300000,7.003784,1.648072000e-04,0.00001
12.480,1.648071981e-04,-9.978163741e-05,8.001600,3.300000,7.003784,1.648072000e-04,0.00000
12.500,1.648072069e-04,-9.978163741e-05,8.001600,3.300000,7.003784,1.648072000e-04,-0.00000
12.520,1.648072232e-04,-9.978163741e-05,8.001600,3.300000,7.003784,1.648072000e-04,-0.00001
12.540,1.648072357e-04,-9.978163741e-05,8.001600,3.300000,7.003784,1.648072000e-04,-0.00002
12.560,1.648072445e-04,-9.978163741e-05,8.001600,3.300000,7.003784,1.648072000e-04,-0.00003
12.580,1.648072607e-04,-9.978163741e-05,8.001600,3.300000,7.003784,1.648072000e-04,-0.00004
12.600,1.648072733e-04,-9.978163741e-05,8.001600,3.300000,7.003784,1.648072000e-04,-0.00004
12.620,1.648072820e-04,-9.978163741e-05,8.001600,3.300000,7.003784,1.648072000e-04,-0.00005
12.640,1.648072983e-04,-9.978163741e-05,8.001600,3.300000,7.003784,1.648072000e-04,-0.00006
12.660,1.648073108e-04,-9.978163741e-05,8.001600,3.300000,7.003784,1.648072000e-04,-0.00007
12.680,1.648073196e-04,-9.978163741e-05,8.001600,3.300000,7.003784,1.648072000e-04,-0.00007
12.700,1.648073359e-04,-9.978163741e-05,8.001600,3.300000,7.003784,1.648072000e-04,-0.00008
12.720,1.648073484e-04,-9.978163741e-05,8.001600,3.300000,7.003784,1.648072000e-04,-0.00009
12.740,1.648073571e-04,-9.978163741e-05,8.001600,3.300000,7.003784,1.648072000e-04,-0.00010
12.760,1.648073734e-04,-9.978163741e-05,8.001600,3.300000,7.003784,1.648072000e-04,-0.00011
12.780,1.648073859e-04,-9.978163741e-05,8.001600,3.300000,7.003784,1.648072000e-04,-0.00011
12.800,1.648073947e-04,-9.978163741e-05,8.001600,3.300000,7.003784,1.648072000e-04,-0.00012
12.820,1.648074110e-04,-9.978163741e-05,8.001600,3.300000,7.003784,1.648072000e-04,-0.00013
12.840,1.648074235e-04,-9.978163741e-05,8.001600,3.300000,7.003784,1.648072000e-04,-0.00014
12.860,1.648074323e-04,-9.978163741e-05,8.001600,3.300000,7.003784,1.648072000e-04,-0.00014
12.880,1.648074485e-04,-9.978163741e-05,8.001600,3.300000,7.003784,1.648072000e-04,-0.00015
12.900,1.648074611e-04,-9.978163741e-05,8.001600,3.300000,7.003784,1.648072000e-04,-0.00016
12.920,1.648074698e-04,-9.978163741e-05,8.001600,3.300000,7.003784,1.648072000e-04,-0.00016
12.940,1.648074861e-04,-9.978163741e-05,8.001600,3.300000,7.003784,1.648072000e-04,-0.00017
12.960,1.648074986e-04,-9.978163741e-05,8.001600,3.300000,7.003784,1.648072000e-04,-0.00018
12.980,1.648075074e-04,-9.978163741e-05,8.001600,3.300000,7.003784,1.648072000e-04,-0.00019
13.000,1.648075237e-04,-9.978163741e-05,8.001600,3.300000,7.003784,1.648072000e-04,-0.00020
13.020,1.648075362e-04,-9.978163741e-05,8.001600,3.300000,7.003784,1.648072000e-04,-0.00020
13.040,1.648075449e-04,-9.978163741e-05,8.001600,3.300000,7.003784,1.648072000e-04,-0.00021
13.060,1.648075612e-04,-9.978163741e-05,8.001600,3.300000,7.003784,1.648072000e-04,-0.00022
13.080,1.648075737e-04,-9.978163741e-05,8.001600,3.300000,7.003784,1.648072000e-04,-0.00023
13.100,1.648075825e-04,-9.978163741e-05,8.001600,3.300000,7.003784,1.648072000e-04,-0.00023
13.120,1.648075988e-04,-9.978163741e-05,8.001600,3.300000,7.003784,1.648072000e-04,-0.00024
13.140,1.648076113e-04,-9.978163741e-05,8.001600,3.300000,7.003784,1.648072000e-04,-0.00025
13.160,1.648076201e-04,-9.978163741e-05,8.001600,3.300000,7.003784,1.648072000e-04,-0.00025
13.180,1.648076363e-04,-9.978163741e-05,8.001600,3.300000,7.003784,1.648072000e-04,-0.00026
13.200,1.648076489e-04,-9.978163741e-05,8.001600,3.300000,7.003784,1.648072000e-04,-0.00027
13.220,1.648076576e-04,-9.978163741e-05,8.001600,3.300000,7.003784,1.648072000e-04,-0.00028
13.240,1.648076739e-04,-9.978163741e-05,8.001600,3.300000,7.003784,1.648072000e-04,-0.00029
13.260,1.648076864e-04,-9.978163741e-05,8.001600,3.300000,7.003784,1.648072000e-04,-0.00030
13.280,1.648076952e-04,-9.978163741e-05,8.001600,3.300000,7.003784,1.648072000e-04,-0.00030
13.300,1.648077115e-04,-9.978163741e-05,8.001600,3.300000,7.003784,1.648072000e-04,-0.00031
13.320,1.648077240e-04,-9.978163741e-05,8.001600,3.300000,7.003784,1.648072000e-04,-0.00032
13.340,1.648077327e-04,-9.978163741e-05,8.001600,3.300000,7.003784,1.648072000e-04,-0.00032
13.360,1.648077490e-04,-9.978163741e-05,8.001600,3.300000,7.003784,1.648072000e-04,-0.00033
13.380,1.648077615e-04,-9.978163741e-05,8.001600,3.300000,7.003784,1.648072000e-04,-0.00034
13.400,1.648077703e-04,-9.978163741e-05,8.001600,3.300000,7.003784,1.648072000e-04,-0.00035
13.420,1.648077866e-04,-9.978163741e-05,8.001600,3.300000,7.003784,1.648072000e-04,-0.00036
13.440,1.648077991e-04,-9.978163741e-05,8.001600,3.300000,7.003784,1.648072000e-04,-0.00036
13.460,1.648078079e-04,-9.978163741e-05,8.001600,3.300000,7.003784,1.648072000e-04,-0.00037
13.480,1.648078241e-04,-9.978163741e-05,8.001600,3.300000,7.003784,1.648072000e-04,-0.00038
13.500,1.648078367e-04,-9.978163741e-05,8.001600,3.300000,7.003784,1.648072000e-04,-0.00039
13.520,1.648078454e-04,-9.978163741e-05,8.001600,3.300000,7.003784,1.648072000e-04,-0.00039
13.540,1.648078617e-04,-9.978163741e-05,8.001600,3.300000,7.003784,1.648072000e-04,-0.00040
13.560,1.648078742e-04,-9.978163741e-05,8.001600,3.300000,7.003784,1.648072000e-04,-0.00041
13.580,1.648078830e-04,-9.978163741e-05,8.001600,3.300000,7.003784,1.648072000e-04,-0.00041
13.600,1.648078993e-04,-9.978163741e-05,8.001600,3.300000,7.003784,1.648072000e-04,-0.00042
13.620,1.648079118e-04,-9.978163741e-05,8.001600,3.300000,7.003784,1.648072000e-04,-0.00043
13.640,1.648079205e-04,-9.978163741e-05,8.001600,3.300000,7.003784,1.648072000e-04,-0.00044
13.660,1.648079368e-04,-9.978163741e-05,8.001600,3.300000,7.003784,1.648072000e-04,-0.00045
13.680,1.648079493e-04,-9.978163741e-05,8.001600,3.300000,7.003784,1.648072000e-04,-0.00045
13.700,1.648079581e-04,-9.978163741e-05,8.001600,3.300000,7.003784,1.648072000e-04,-0.00046
13.720,1.648079744e-04,-9.978163741e-05,8.001600,3.300000,7.003784,1.648072000e-04,-0.00047
13.740,1.648079869e-04,-9.978163741e-05,8.001600,3.300000,7.003784,1.648072000e-04,-0.00048
13.760,1.648079957e-04,-9.978163741e-05,8.001600,3.300000,7.003784,1.648072000e-04,-0.00048
13.780,1.648080119e-04,-9.978163741e-05,8.001600,3.300000,7.003784,1.648072000e-04,-0.00049
13.800,1.648080245e-04,-9.978163741e-05,8.001600,3.300000,7.003784,1.648072000e-04,-0.00050
13.820,1.648080332e-04,-9.978163741e-05,8.001600,3.300000,7.003784,1.648072000e-04,-0.00051
13.840,1.648080495e-04,-9.978163741e-05,8.001600,3.300000,7.003784,1.648072000e-04,-0.00052
13.860,1.648080620e-04,-9.978163741e-05,8.001600,3.300000,7.003784,1.648072000e-04,-0.00052
13.880,1.648080708e-04,-9.978163741e-05,8.001600,3.300000,7.003784,1.648072000e-04,-0.00053
13.900,1.648080871e-04,-9.978163741e-05,8.001600,3.300000,7.003784,1.648072000e-04,-0.00054
13.920,1.648080996e-04,-9.978163741e-05,8.001600,3.300000,7.003784,1.648072000e-04,-0.00055
13.940,1.648081083e-04,-9.978163741e-05,8.001600,3.300000,7.003784,1.648072000e-04,-0.00055
13.960,1.648081246e-04,-9.978163741e-05,8.001600,3.300000,7.003784,1.648072000e-04,-0.00056
13.980,1.648081371e-04,-9.978163741e-05,8.001600,3.300000,7.003784,1.648072000e-04,-0.00057
14.000,1.648081459e-04,-9.978163741e-05,8.001600,3.300000,7.003784,1.648072000e-04,-0.00057
14.020,1.648081622e-04,-9.978163741e-05,8.001600,3.300000,7.003784,1.648072000e-04,-0.00058
14.040,1.648081747e-04,-9.978163741e-05,8.001600,3.300000,7.003784,1.648072000e-04,-0.00059
14.060,1.648081835e-04,-9.978163741e-05,8.001600,3.300000,7.003784,1.648072000e-04,-0.00060
14.080,1.648081997e-04,-9.978163741e-05,8.001600,3.300000,7.003784,1.648072000e-04,-0.00061
14.100,1.648082123e-04,-9.978163741e-05,8.001600,3.300000,7.003784,1.648072000e-04,-0.00061
14.120,1.648082210e-04,-9.978163741e-05,8.001600,3.300000,7.003784,1.648072000e-04,-0.00062
14.140,1.648082373e-04,-9.978163741e-05,8.001600,3.300000,7.003784,1.648072000e-04,-0.00063
14.160,1.648082498e-04,-9.978163741e-05,8.001600,3.300000,7.003784,1.648072000e-04,-0.00064
14.180,1.648082586e-04,-9.978163741e-05,8.001600,3.300000,7.003784,1.648072000e-04,-0.00064
14.200,1.648082749e-04,-9.978163741e-05,8.001600,3.300000,7.003784,1.648072000e-04,-0.00065
14.220,1.648082874e-04,-9.978163741e-05,8.001600,3.300000,7.003784,1.648072000e-04,-0.00066
14.240,1.648082961e-04,-9.978163741e-05,8.001600,3.300000,7.003784,1.648072000e-04,-0.00067
14.260,1.648083124e-04,-9.978163741e-05,8.001600,3.300000,7.003784,1.648072000e-04,-0.00067
14.280,1.648083249e-04,-9.978163741e-05,8.001600,3.300000,7.003784,1.648072000e-04,-0.00068
14.300,1.648083337e-04,-9.978163741e-05,8.001600,3.300000,7.003784,1.648072000e-04,-0.00069
14.320,1.648083500e-04,-9.978163741e-05,8.001600,3.300000,7.003784,1.648072000e-04,-0.00070
14.340,1.648083625e-04,-9.978163741e-05,8.001600,3.300000,7.003784,1.648072000e-04,-0.00071
14.360,1.648083713e-04,-9.978163741e-05,8.001600,3.300000,7.003784,1.648072000e-04,-0.00071
14.380,1.648083875e-04,-9.978163741e-05,8.001600,3.300000,7.003784,1.648072000e-04,-0.00072
14.400,1.648084001e-04,-9.978163741e-05,8.001600,3.300000,7.003784,1.648072000e-04,-0.00073
14.420,1.648084088e-04,-9.978163741e-05,8.001600,3.300000,7.003784,1.648072000e-04,-0.00073
14.440,1.648084251e-04,-9.978163741e-05,8.001600,3.300000,7.003784,1.648072000e-04,-0.00074
14.460,1.648084376e-04,-9.978163741e-05,8.001600,3.300000,7.003784,1.648072000e-04,-0.00075
14.480,1.648084464e-04,-9.978163741e-05,8.001600,3.300000,7.003784,1.648072000e-04,-0.00076
14.500,1.648084627e-04,-9.978163741e-05,8.001600,3.300000,7.003784,1.648072000e-04,-0.00077
14.520,1.648084752e-04,-9.978163741e-05,8.001600,3.300000,7.003784,1.648072000e-04,-0.00077
14.540,1.648084839e-04,-9.978163741e-05,8.001600,3.300000,7.003784,1.648072000e-04,-0.00078
14.560,1.648085002e-04,-9.978163741e-05,8.001600,3.300000,7.003784,1.648072000e-04,-0.00079
14.580,1.648085127e-04,-9.978163741e-05,8.001600,3.300000,7.003784,1.648072000e-04,-0.00080
14.600,1.648085215e-04,-9.978163741e-05,8.001600,3.300000,7.003784,1.648072000e-04,-0.00080
14.620,1.648085378e-04,-9.978163741e-05,8.001600,3.300000,7.003784,1.648072000e-04,-0.00081
14.640,1.648085503e-04,-9.978163741e-05,8.001600,3.300000,7.003784,1.648072000e-04,-0.00082
14.660,1.648085591e-04,-9.978163741e-05,8.001600,3.300000,7.003784,1.648072000e-04,-0.00082
14.680,1.648085753e-04,-9.978163741e-05,8.001600,3.300000,7.003784,1.648072000e-04,-0.00083
14.700,1.648085879e-04,-9.978163741e-05,8.001600,3.300000,7.003784,1.648072000e-04,-0.00084
14.720,1.648085966e-04,-9.978163741e-05,8.001600,3.300000,7.003784,1.648072000e-04,-0.00085
14.740,1.648086129e-04,-9.978163741e-05,8.001600,3.300000,7.003784,1.648072000e-04,-0.00086
14.760,1.648086254e-04,-9.978163741e-05,8.001600,3.300000,7.003784,1.648072000e-04,-0.00086
14.780,1.648086342e-04,-9.978163741e-05,8.001600,3.300000,7.003784,1.648072000e-04,-0.00087
14.800,1.648086505e-04,-9.978163741e-05,8.001600,3.300000,7.003784,1.648072000e-04,-0.00088
14.820,1.648086630e-04,-9.978163741e-05,8.001600,3.300000,7.003784,1.648072000e-04,-0.00089
14.840,1.648086717e-04,-9.978163741e-05,8.001600,3.300000,7.003784,1.648072000e-04,-0.00089
14.860,1.648086880e-04,-9.978163741e-05,8.001600,3.300000,7.003784,1.648072000e-04,-0.00090
14.880,1.648087005e-04,-9.978163741e-05,8.001600,3.300000,7.003784,1.648072000e-04,-0.00091
14.900,1.648087093e-04,-9.978163741e-05,8.001600,3.300000,7.003784,1.648072000e-04,-0.00092
14.920,1.648087256e-04,-9.978163741e-05,8.001600,3.300000,7.003784,1.648072000e-04,-0.00093
14.940,1.648087381e-04,-9.978163741e-05,8.001600,3.300000,7.003784,1.648072000e-04,-0.00093
14.960,1.648087469e-04,-9.978163741e-05,8.001600,3.300000,7.003784,1.648072000e-04,-0.00094
14.980,1.648087631e-04,-9.978163741e-05,8.001600,3.300000,7.003784,1.648072000e-04,-0.00095
15.000,1.648087757e-04,-9.978163741e-05,8.001600,3.300000,7.003784,1.648072000e-04,-0.00096
15.020,1.648087844e-04,-9.978163741e-05,8.001600,3.300000,7.003784,1.648072000e-04,-0.00096
15.040,1.648088007e-04,-9.978163741e-05,8.001600,3.300000,7.003784,1.648072000e-04,-0.00097
15.060,1.648088132e-04,-9.978163741e-05,8.001600,3.300000,7.003784,1.648072000e-04,-0.00098
15.080,1.648088220e-04,-9.978163741e-05,8.001600,3.300000,7.003784,1.648072000e-04,-0.00098
15.100,1.648088383e-04,-9.978163741e-05,8.001600,3.300000,7.003784,1.648072000e-04,-0.00099
15.120,1.648088508e-04,-9.978163741e-05,8.001600,3.300000,7.003784,1.648072000e-04,-0.00100
15.140,1.648088595e-04,-9.978163741e-05,8.001600,3.300000,7.003784,1.648072000e-04,-0.00101
15.160,1.648088758e-04,-9.978163741e-05,8.001600,3.300000,7.003784,1.648072000e-04,-0.00102
15.180,1.648088883e-04,-9.978163741e-05,8.001600,3.300000,7.003784,1.648072000e-04,-0.00102
15.200,1.648088971e-04,-9.978163741e-05,8.001600,3.300000,7.003784,1.648072000e-04,-0.00103
15.220,1.648089134e-04,-9.978163741e-05,8.001600,3.300000,7.003784,1.648072000e-04,-0.00104
15.240,1.648089259e-04,-9.978163741e-05,8.001600,3.300000,7.003784,1.648072000e-04,-0.00105
15.260,1.648089347e-04,-9.978163741e-05,8.001600,3.300000,7.003784,1.648072000e-04,-0.00105
15.280,1.648089509e-04,-9.978163741e-05,8.001600,3.300000,7.003784,1.648072000e-04,-0.00106
15.300,1.648089635e-04,-9.978163741e-05,8.001600,3.300000,7.003784,1.648072000e-04,-0.00107
15.320,1.648089722e-04,-9.978163741e-05,8.001600,3.300000,7.003784,1.648072000e-04,-0.00108
15.340,1.648089885e-04,-9.978163741e-05,8.001600,3.300000,7.003784,1.648072000e-04,-0.00109
15.360,1.648090010e-04,-9.978163741e-05,8.001600,3.300000,7.003784,1.648072000e-04,-0.00109
15.380,1.648090098e-04,-9.978163741e-05,8.001600,3.300000,7.003784,1.648072000e-04,-0.00110
15.400,1.648090261e-04,-9.978163741e-05,8.001600,3.300000,7.003784,1.648072000e-04,-0.00111
15.420,1.648090386e-04,-9.978163741e-05,8.001600,3.300000,7.003784,1.648072000e-04,-0.00112
15.440,1.648090473e-04,-9.978163741e-05,8.001600,3.300000,7.003784,1.648072000e-04,-0.00112
15.460,1.648090636e-04,-9.978163741e-05,8.001600,3.300000,7.003784,1.648072000e-04,-0.00113
15.480,1.648090761e-04,-9.978163741e-05,8.001600,3.300000,7.003784,1.648072000e-04,-0.00114
15.500,1.648090849e-04,-9.978163741e-05,8.001600,3.300000,7.003784,1.648072000e-04,-0.00114
15.520,1.648091012e-04,-9.978163741e-05,8.001600,3.300000,7.003784,1.648072000e-04,-0.00115
15.540,1.648091137e-04,-9.978163741e-05,8.001600,3.300000,7.003784,1.648072000e-04,-0.00116
15.560,1.648091225e-04,-9.978163741e-05,8.001600,3.300000,7.003784,1.648072000e-04,-0.00117
15.580,1.648091387e-04,-9.978163741e-05,8.001600,3.300000,7.003784,1.648072000e-04,-0.00118
15.600,1.648091513e-04,-9.978163741e-05,8.001600,3.300000,7.003784,1.648072000e-04,-0.00118
15.620,1.648091600e-04,-9.978163741e-05,8.001600,3.300000,7.003784,1.648072000e-04,-0.00119
15.640,1.648091763e-04,-9.978163741e-05,8.001600,3.300000,7.003784,1.648072000e-04,-0.00120
15.660,1.648091888e-04,-9.978163741e-05,8.001600,3.300000,7.003784,1.648072000e-04,-0.00121
15.680,1.648091976e-04,-9.978163741e-05,8.001600,3.300000,7.003784,1.648072000e-04,-0.00121
15.700,1.648092139e-04,-9.978163741e-05,8.001600,3.300000,7.003784,1.648072000e-04,-0.00122
15.720,1.648092313e-04,-9.978163742e-05,8.001600,3.300000,7.003784,1.648072000e-04,-0.00123
15.740,1.648092389e-04,-9.978163840e-05,8.001600,3.300000,7.003784,1.648072000e-04,-0.00124
15.760,1.648092477e-04,-9.978163741e-05,8.001600,3.300000,7.003784,1.648072000e-04,-0.00124
15.780,1.648092615e-04,-9.978163545e-05,8.001600,3.300000,7.003784,1.648072000e-04,-0.00125
15.800,1.648092740e-04,-9.978163840e-05,8.001600,3.300000,7.003784,1.648072000e-04,-0.00126
15.820,1.648092890e-04,-9.978163741e-05,8.001600,3.300000,7.003784,1.648072000e-04,-0.00127
15.840,1.648093015e-04,-9.978163938e-05,8.001600,3.300000,7.003784,1.648072000e-04,-0.00128
15.860,1.648093116e-04,-9.978163545e-05,8.001600,3.300000,7.003784,1.648072000e-04,-0.00128
15.880,1.648093267e-04,-9.978163643e-05,8.001600,3.300000,7.003784,1.648072000e-04,-0.00129
15.900,1.648093353e-04,-9.978163741e-05,8.001600,3.300000,7.003784,1.648072000e-04,-0.00130
15.920,1.648093516e-04,-9.978163741e-05,8.001600,3.300000,7.003784,1.648072000e-04,-0.00131
15.940,1.648093654e-04,-9.978163741e-05,8.001600,3.300000,7.003784,1.648072000e-04,-0.00131
15.960,1.648093768e-04,-9.978163643e-05,8.001600,3.300000,7.003784,1.648072000e-04,-0.00132
15.980,1.648093954e-04,-9.978163938e-05,8.001600,3.300000,7.003784,1.648072000e-04,-0.00133
16.000,1.648094626e-04,-9.978163704e-05,8.001600,3.300000,7.003784,1.648072000e-04,-0.00137
