IREF_uA,R10_Ohm,R_bone_Ohm,I_bone_A,V_bone_V,V_bone_N_V,V_OUTA_V,V_ISENSE_V,V_ISET_V,I_bus_A,Req_vbus_Ohm,P_bone_W,P_fet_W,state
10,30000,1000,9.783751877e-06,0.009784,7.989799,2.4636,0.2999989,0.2999987,7.480188082e-05,106949.2,9.572180078e-08,7.523509348e-05,regulating
10,30000,383000,9.783748157e-06,3.747176,4.252407,2.4636,0.2999989,0.2999987,7.480189345e-05,106949.2,3.666142183e-05,3.866936481e-05,regulating
10,30000,613000,9.783723314e-06,5.997422,2.002160,2.4636,0.2999990,0.2999988,7.480188696e-05,106949.2,5.867712128e-05,1.665347325e-05,regulating
10,30000,689000,9.783656808e-06,6.740940,1.258643,2.4636,0.2999991,0.2999989,7.480260080e-05,106948.2,6.595103903e-05,9.379042025e-06,regulating
10,30000,727000,9.783613138e-06,7.112687,0.886896,2.4636,0.2999989,0.2999987,7.480189407e-05,106949.2,6.958777554e-05,5.741971504e-06,regulating
10,30000,766000,9.783575565e-06,7.494219,0.505364,2.4636,0.2999989,0.2999987,7.480188105e-05,106949.2,7.332025674e-05,2.009201014e-06,regulating
10,30000,842000,9.163520863e-06,7.715685,0.283901,3.2709,0.2838684,0.2999987,7.426420961e-05,107723.5,7.070283650e-05,2.994059392e-10,out_of_compliance
10,30000,996000,7.787992436e-06,7.756840,0.242753,3.2711,0.2427264,0.2999987,7.289281982e-05,109750.2,6.041021487e-05,2.088328988e-10,out_of_compliance
10,30000,1914000,4.110177574e-06,7.866880,0.132735,3.2712,0.1327224,0.2999987,6.922604428e-05,115563.4,3.233427325e-05,5.349657109e-11,out_of_compliance
20,15000,1000,1.978340311e-05,0.019783,7.979740,2.4667,0.2999989,0.2999987,8.480175623e-05,94337.7,3.913830387e-07,1.519314193e-04,regulating
20,15000,191000,1.978339933e-05,3.778629,4.220894,2.4667,0.2999989,0.2999987,8.480177467e-05,94337.6,7.475413180e-05,7.756864138e-05,regulating
20,15000,306000,1.978336623e-05,6.053710,1.945814,2.4667,0.2999989,0.2999987,8.480176947e-05,94337.7,1.197627633e-04,3.255975502e-05,regulating
20,15000,344000,1.978329408e-05,6.805453,1.194071,2.4667,0.2999989,0.2999987,8.480176232e-05,94337.7,1.346342813e-04,1.768768152e-05,regulating
20,15000,364000,1.978325539e-05,7.201105,0.798419,2.4667,0.2999989,0.2999987,8.480176298e-05,94337.7,1.424612985e-04,9.860366372e-06,regulating
20,15000,383000,1.978321835e-05,7.576973,0.422551,2.4667,0.2999989,0.2999987,8.480175490e-05,94337.7,1.498969040e-04,2.424475771e-06,regulating
20,15000,421000,1.833710701e-05,7.719922,0.279610,3.2710,0.2795445,0.2999987,8.343812797e-05,95879.4,1.415610368e-04,1.194421224e-09,out_of_compliance
20,15000,498000,1.558468699e-05,7.761174,0.238374,3.2711,0.2383203,0.2999987,8.068989844e-05,99145.0,1.209554694e-04,8.332421785e-10,out_of_compliance
20,15000,957000,8.225153947e-06,7.871472,0.128119,3.2712,0.1280928,0.2999987,7.334145997e-05,109078.8,6.474407169e-05,2.135370874e-10,out_of_compliance
50,6000,1000,4.978267593e-05,0.049783,7.949565,2.4729,0.2999989,0.2999987,1.148013849e-04,69685.6,2.478314823e-06,3.808158488e-04,regulating
50,6000,77000,4.978267200e-05,3.833266,4.166082,2.4729,0.2999989,0.2999987,1.148013669e-04,69685.6,1.908302112e-04,1.924639222e-04,regulating
50,6000,122000,4.978263675e-05,6.073482,1.925866,2.4729,0.2999989,0.2999987,1.148013969e-04,69685.6,3.023539324e-04,8.093992946e-05,regulating
50,6000,138000,4.978255993e-05,6.869993,1.129354,2.4729,0.2999989,0.2999987,1.148013843e-04,69685.6,3.420058517e-04,4.128741879e-05,regulating
50,6000,145000,4.978252580e-05,7.218466,0.780881,2.4729,0.2999989,0.2999987,1.148013932e-04,69685.6,3.593534819e-04,2.393952585e-05,regulating
50,6000,153000,4.978248650e-05,7.616720,0.382627,2.4729,0.2999989,0.2999987,1.148013884e-04,69685.6,3.791792821e-04,4.113422990e-06,regulating
50,6000,168000,4.596212586e-05,7.721637,0.277732,3.2710,0.2775691,0.2999991,1.110606467e-04,72032.7,3.549028583e-04,7.491404124e-09,out_of_compliance
50,6000,199000,3.901197589e-05,7.763383,0.236027,3.2711,0.2358933,0.2999987,1.041171958e-04,76836.5,3.028649183e-04,5.210987618e-09,out_of_compliance
50,6000,383000,2.055929530e-05,7.874210,0.125308,3.2712,0.1252437,0.2999987,8.567576613e-05,93375.3,1.618882107e-04,1.331487213e-09,out_of_compliance
100,3000,1000,9.978179592e-05,0.099782,7.899271,2.4798,0.2999989,0.2999987,1.648007421e-04,48543.5,9.956406797e-06,7.582690589e-04,regulating
100,3000,38000,9.978179222e-05,3.791708,4.207345,2.4798,0.2999989,0.2999987,1.648007463e-04,48543.5,3.783434302e-04,3.898820070e-04,regulating
100,3000,61000,9.978175491e-05,6.086687,1.912366,2.4798,0.2999989,0.2999987,1.648007598e-04,48543.5,6.073403154e-04,1.608848345e-04,regulating
100,3000,69000,9.978167790e-05,6.884936,1.114117,2.4798,0.2999989,0.2999987,1.648007620e-04,48543.5,6.869904439e-04,8.123411314e-05,regulating
100,3000,73000,9.978164174e-05,7.284060,0.714993,2.4798,0.2999989,0.2999987,1.648007706e-04,48543.5,7.268154501e-04,4.140882765e-05,regulating
100,3000,77000,9.978157591e-05,7.683181,0.315872,2.4800,0.2999989,0.2999987,1.648007586e-04,48543.5,7.666399426e-04,1.583829233e-06,regulating
100,3000,84000,9.192959404e-05,7.722086,0.277013,3.2710,0.2766872,0.2999987,1.570302599e-04,50945.6,7.098882219e-04,2.994834098e-08,out_of_compliance
100,3000,100000,7.765054435e-05,7.765054,0.234128,3.2711,0.2338630,0.2999987,1.427556363e-04,56039.8,6.029607037e-04,2.061182396e-08,out_of_compliance
100,3000,191000,4.122846920e-05,7.874638,0.124759,3.2712,0.1246295,0.2999987,1.063448257e-04,75227.0,3.246592545e-04,5.352250434e-09,out_of_compliance
200,1500,1000,1.997804372e-04,0.199780,7.798685,2.4896,0.2999989,0.2999987,2.647994922e-04,30211.5,3.991222310e-05,1.498090726e-03,regulating
200,1500,19000,1.997804339e-04,3.795828,4.202637,2.4896,0.2999989,0.2999987,2.647994967e-04,30211.5,7.583322138e-04,7.796707095e-04,regulating
200,1500,31000,1.997803852e-04,6.193192,1.805273,2.4896,0.2999989,0.2999987,2.647994901e-04,30211.5,1.237278271e-03,3.007242767e-04,regulating
200,1500,34000,1.997803278e-04,6.792531,1.205934,2.4896,0.2999989,0.2999987,2.647994933e-04,30211.5,1.357014098e-03,1.809880077e-04,regulating
200,1500,36000,1.997802881e-04,7.192090,0.806375,2.4896,0.2999989,0.2999987,2.647995017e-04,30211.5,1.436837886e-03,1.011639144e-04,regulating
200,1500,38000,1.997802488e-04,7.591649,0.406816,2.4896,0.2999989,0.2999987,2.647994958e-04,30211.5,1.516661616e-03,2.133988159e-05,regulating
200,1500,42000,1.838496020e-04,7.721683,0.276875,3.2710,0.2762237,0.2999987,2.489495109e-04,32135.0,1.419628398e-03,1.197493133e-07,out_of_compliance
200,1500,50000,1.552959176e-04,7.764796,0.233930,3.2711,0.2333996,0.2999987,2.204003725e-04,36297.6,1.205841101e-03,8.241932460e-08,out_of_compliance
200,1500,96000,8.203514503e-05,7.875374,0.123783,3.2712,0.1235249,0.2999987,1.471512514e-04,54365.8,6.460574419e-04,2.117510089e-08,out_of_compliance
